Date,Open,High,Low,Close,Volume,Market Cap
Sep-16-2014,475.371,475.642,465.128,465.955,17009657.986111112,6253818030.18199
Sep-15-2014,477.892,478.62,474.022,475.434,13833225.435540069,6326559846.352878
Sep-14-2014,479.002,479.853,476.119,477.745,13572706.25,6344853412.125508
Sep-13-2014,477.753,482.117,475.098,478.879,15561947.569444444,6347133307.173951
Sep-12-2014,479.749,479.749,473.009,477.593,16115760.278745644,6318332807.076064
Sep-11-2014,479.359,482.351,474.61,479.645,19749719.444444444,6347493681.060358
Sep-10-2014,475.26,487.468,475.145,478.795,23149584.375,6378105416.687167
Sep-09-2014,474.6,477.377,467.778,475.503,24663840.277777776,6251550670.511097
Sep-08-2014,482.278,489.834,468.79,474.789,20113001.48409894,6291521102.044625
Sep-07-2014,484.83,488.066,482.633,482.633,9342224.375,6434130705.514884
Sep-06-2014,483.342,488.595,482.998,485.021,12249630.902777778,6423651415.195352
Sep-05-2014,489.66,490.643,481.609,483.116,22846763.06620209,6442479858.693912
Sep-04-2014,477.586,493.928,477.086,490.113,17910862.847222224,6399912147.699904
Sep-03-2014,477.426,481.712,476.208,477.548,17011548.263888888,6319099520.8445835
Sep-02-2014,474.879,482.988,472.324,477.51,21058876.223776225,6313475894.049043
Sep-01-2014,477.763,485.306,471.91,475.725,33147391.986062717,6334398454.707097
Aug-31-2014,504.249,504.879,474.814,477.332,27322152.673611112,6453750578.626331
Aug-30-2014,508.517,509.308,501.636,504.399,15672012.951388888,6664219104.682512
Aug-29-2014,507.815,511.695,503.817,508.572,18113964.80836237,6710831853.407746
Aug-28-2014,511.153,516.157,506.877,507.368,20974827.083333332,6739398344.833507
Aug-27-2014,511.57,520.709,510.922,510.922,23876633.680555556,6798400819.523167
Aug-26-2014,502.496,512.688,502.496,511.666,19927680.555555556,6698889324.267439
Aug-25-2014,508.286,508.286,499.233,502.646,18981944.25087108,6630300214.857397
Aug-24-2014,498.075,512.888,497.351,508.066,21906956.597222224,6646218185.67407
Aug-23-2014,514.043,514.299,492.114,498.418,30248240.277777776,6622765859.421541
Aug-22-2014,517.237,521.479,501.275,514.677,40525580.83623693,6751976345.305951
Aug-21-2014,511.98,531.9,510.449,517.153,57062250.69444445,6828192713.635536
Aug-20-2014,485.245,518.285,467.511,513.219,38464101.38888889,6452119696.919231
Aug-19-2014,461.46,485.71,455.539,483.471,46453523.26388889,6225413738.916373
Aug-18-2014,491.795,499.37,443.851,461.424,36541357.839721255,6198074776.06974
Aug-17-2014,519.708,520.19,483.626,492.633,23722638.888888888,6598287281.627083
Aug-16-2014,497.01,521.475,487.744,520.182,25650440.277777776,6602515780.296505
Aug-15-2014,505.974,518.179,487.926,497.245,28753135.88850174,6721809452.300245
Aug-14-2014,546.658,546.658,498.725,505.974,32626245.486111112,6826154245.317592
Aug-13-2014,569.642,573.033,532.667,546.08,18579486.805555556,7265606050.487564
Aug-12-2014,576.368,576.948,566.595,569.592,17303184.375,7491684774.753191
Aug-11-2014,591.061,591.507,574.051,576.602,9380006.829268293,7694282039.779351
Aug-10-2014,589.372,594.46,587.942,591.01,7071456.527777778,7742835733.418812
Aug-09-2014,592.577,592.577,587.633,589.262,9176716.736111112,7729687828.123422
Aug-08-2014,588.869,598.116,588.791,592.619,13124577.351916377,7778469860.261321
Aug-07-2014,584.653,591.104,584.052,588.785,10585161.770833334,7694240197.860668
Aug-06-2014,585.436,587.486,583.098,584.63,9972679.0625,7677023082.30298
Aug-05-2014,588.782,589.865,584.102,585.166,11226674.722222222,7688633835.328032
Aug-04-2014,586.666,591.946,583.74,588.716,8283256.515679442,7684657768.19521
Aug-03-2014,589.333,589.333,581.65,585.625,8254428.784722222,7661108134.512382
Aug-02-2014,594.916,594.916,586.155,589.412,13558381.92982456,7730414518.271515
Aug-01-2014,586.235,597.922,583.634,594.908,20034622.85714286,7730850360.281457
Jul-31-2014,567.293,586.235,564.511,586.235,19949510.763888888,7541845083.6428585
Jul-30-2014,584.725,585.122,564.896,566.849,11562696.493055556,7566763401.064319
Jul-29-2014,585.691,588.385,581.695,584.679,14844783.95522388,7645970308.81085
Jul-28-2014,593.852,594.573,575.185,585.76,14477090.945454545,7641972385.494973
Jul-27-2014,595.813,598.942,593.43,594.316,8913880.833333334,7782101048.722724
Jul-26-2014,601.089,602.088,593.964,595.985,11865350,7800554796.232361
Jul-25-2014,601.733,607.065,597.226,601.611,18322355.74912892,7853094112.363092
Jul-24-2014,619.415,620.429,595.566,601.243,16520255.902777778,7964429125.853978
Jul-23-2014,621.551,624.431,618.293,619.337,9578867.916666666,8108864371.779805
Jul-22-2014,622.211,624.298,620.957,621.413,10403722.743055556,8123716395.183969
Jul-21-2014,623.9,624.09,619.109,622.034,7644422.947368421,8103979111.523336
Jul-20-2014,628.515,628.559,622.775,623.994,6156051.041666667,8151861711.1901245
Jul-19-2014,628.779,629.166,624.597,628.628,12494571.388888888,8182834431.684298
Jul-18-2014,623.089,629.213,620.472,629.213,15501255.052264808,8115506232.023873
Jul-17-2014,616.8,626.29,608.399,622.987,13167452.194444444,8061410980.771724
Jul-16-2014,621.586,623.092,615.325,616.934,12169039.520833334,8066816930.802682
Jul-15-2014,619.315,625.141,619.315,622.054,11434746.180555556,8115173369.386614
Jul-14-2014,626.497,627.342,617.322,619.875,11318627.87456446,8093071083.653359
Jul-13-2014,633.713,634.727,624.909,626.521,12198057.692307692,8184162955.741302
Jul-12-2014,632.003,636.658,626.982,634.278,16679989.930555556,8211613262.493688
Jul-11-2014,616.762,632.086,615.769,632.086,15621345.993031358,8099875421.382404
Jul-10-2014,624.509,626.116,612.346,616.838,12242666.354166666,8061155141.527906
Jul-09-2014,625.221,626.998,622.596,624.532,9481762.671480145,8127647315.561276
Jul-08-2014,622.57,626.695,620.907,624.818,15359606.119402984,8108142044.926685
Jul-07-2014,635.463,637.157,617.007,624.086,11588070.416666666,8164408444.567699
Jul-06-2014,631.772,638.653,631.16,635.807,10272828.232558139,8237241057.103784
Jul-05-2014,629.951,633.222,628.004,631.457,16796410,8191302163.729913
Jul-04-2014,644.646,648.433,629.403,630.692,19966155.450236965,8290306433.011799
Jul-03-2014,650.769,650.769,641.303,645.156,22696624.55357143,8378249326.68292
Jul-02-2014,641.037,656.678,638.339,650.879,31528134.362934362,8396803439.911215
Jul-01-2014,641.391,657.858,640.107,640.806,45150228.515625,8435076740.808788
Jun-30-2014,602.62,645.155,599.883,639.797,26740321.006944444,8057338150.646123
Jun-29-2014,596.332,604.076,596.162,602.715,9786132.910447761,7766954785.655692
Jun-28-2014,599.077,604.473,595.918,596.549,18269280.662983425,7785782081.853385
Jun-27-2014,581.297,600.124,579.885,597.261,15871705.992509363,7595228174.963274
Jun-26-2014,566.137,581.629,564.731,581.137,17796393.96226415,7422078470.647236
Jun-25-2014,581.809,583.599,565.625,566.336,17670253.19148936,7444854646.981097
Jun-24-2014,593.97,596.971,582.357,582.357,12568735.335689045,7660308113.435838
Jun-23-2014,602.161,603.212,586.343,593.984,11415530.145454545,7677623283.120286
Jun-22-2014,595.904,605.997,594.627,602.273,11280778.541666666,7783416568.501836
Jun-21-2014,593.678,599.462,587.737,594.992,13184339.722222222,7679744997.903536
Jun-20-2014,597.402,599.754,587.756,594.146,17446822.299651567,7688256270.989178
Jun-19-2014,608.07,612.241,597.018,598.071,13677202.777777778,7840326874.351931
Jun-18-2014,609.767,615.881,604.396,607.958,21002427.083333332,7875846263.914585
Jun-17-2014,591.586,610.889,590.4,610.864,19789391.289198607,7740621801.74158
Jun-16-2014,592.649,608.72,587.068,592.188,31443928.472222224,7708449055.658922
Jun-15-2014,575.928,592.937,554.891,592.937,32105776.736111112,7325088720.140704
Jun-14-2014,600.746,601.27,549.821,577.358,30027775,7474576561.679715
Jun-13-2014,585.696,615.137,585.696,600.163,59071984.66898955,7722375048.396614
Jun-12-2014,633.428,638.109,573.272,586.952,26366485.069444444,8065775193.86176
Jun-11-2014,653.188,657.04,632.547,633.02,20541078.13620072,8326291362.173271
Jun-10-2014,650.042,659.615,646.564,653.15,18814451.56794425,8414062323.642393
Jun-09-2014,655.64,657.703,644.393,649.159,14119338.506944444,8373176501.515248
Jun-08-2014,654.994,658.884,653.47,656.14,9944768.993055556,8444911734.09235
Jun-07-2014,653.522,656.944,644.907,654.969,19712907.638888888,8401384047.892168
Jun-06-2014,659.283,661.366,652.304,653.702,24951745.644599304,8443665995.79294
Jun-05-2014,641.072,663.526,640.09,659.258,26252926.388888888,8377758323.048733
Jun-04-2014,666.774,668.563,624.089,641.614,48829172.759856634,8248727054.997926
Jun-03-2014,660.55,674.111,650.784,667.605,51154677.35191637,8509159803.363654
Jun-02-2014,629.645,665.498,618.745,660.618,47542278.81944445,8162675398.488569
Jun-01-2014,623.693,671.513,619.906,630.229,26833079.166666668,8275236639.109386
May-31-2014,615.687,624.715,604.471,623.677,25926495.833333332,7918032446.237581
May-30-2014,568.177,618.458,568.157,615.325,23539243.554006968,7567267985.332788
May-29-2014,576.33,577.096,561.596,568.18,19295990.175438598,7286452978.671964
May-28-2014,571.915,578.624,564.087,577.062,28220059.375,7336794400.181083
May-27-2014,582.588,589.517,554.434,571.244,30472731.707317073,7356534718.950901
May-26-2014,571.393,588.389,565.332,583.424,39562935.48387097,7428096753.985555
May-25-2014,525.228,576.478,525.228,571.588,32500836.458333332,7162474548.671399
May-24-2014,521.051,525.17,516.281,525.138,17908664.925373133,6673436229.018341
May-23-2014,525.715,541.956,520.076,520.222,34918169.33797909,6761509976.632479
May-22-2014,492.049,525.356,490.191,524.579,23426467.013888888,6504807489.705106
May-21-2014,485.8,494.369,483.489,491.77,31202923.505263157,6284435828.300891
May-20-2014,446.305,491.444,446.007,485.724,20856204.756944444,5942184301.398101
May-19-2014,446.076,447.555,443.1,446.181,4480137.108013937,5695099175.469039
May-18-2014,448.701,449.767,444.784,446.264,2688736.1458333335,5721549370.408863
May-17-2014,448.117,451.98,447.301,448.903,4925623.611111111,5741243362.433937
May-16-2014,447.386,450.661,444.964,448.058,6755427.108013937,5723841425.747995
May-15-2014,444.136,449.799,443.63,447.252,9029015.416666666,5712151010.663885
May-14-2014,440.592,446.659,440.503,443.972,8088830.55944056,5660700628.614156
May-13-2014,441.531,441.976,436.967,440.671,7292215,5614877544.136142
May-12-2014,438.303,442.26,434.231,441.462,10811231.533101045,5604940637.068017
May-11-2014,453.92,455.339,433.401,438.886,8734502.708333334,5674578468.463314
May-10-2014,450.456,455.771,448.468,454.433,9006769.583333334,5755037103.879792
May-09-2014,440.178,452.692,440.143,449.461,9228733.93728223,5675715465.392167
May-08-2014,438.679,448.399,438.143,440.169,14989552.100358423,5634284211.046922
May-07-2014,429.341,446.128,428.451,438.821,13112136.875,5560596188.85891
May-06-2014,433.364,448.038,423.251,428.962,11729299.475,5469268312.549535
May-05-2014,434.782,440.974,427.617,433.482,8424945.400696864,5504987625.175509
May-04-2014,438.517,439.769,430.054,436.403,8485122.847222222,5533459707.548426
May-03-2014,449.403,449.403,430.682,437.762,9093119.548611112,5609350326.165001
May-02-2014,457.364,457.929,443.403,449.377,12035047.804878049,5711512740.084543
May-01-2014,447.633,460.614,447.633,457.76,13583543.75,5772589945.96021
Apr-30-2014,446.89,451.099,436.699,447.645,16192266,5665748361.276837
Apr-29-2014,439.983,451.636,435.181,447.209,17729711.637931034,5648995375.596568
Apr-28-2014,430.716,447.534,422.942,440.285,20057905.21276596,5538193588.137762
Apr-27-2014,457.242,459.33,436.39,436.39,8859810.883392226,5732611376.626008
Apr-26-2014,461.705,464.543,449.103,458.601,26293487.719298247,5789510558.123598
Apr-25-2014,500.087,500.299,442.951,461.449,34614370.56737588,5881579230.949552
Apr-24-2014,490.825,500.465,482.952,500.465,10362477.102473497,6219179982.514829
Apr-23-2014,488.359,493.249,485.817,491.303,10862710.462633451,6211058966.771417
Apr-22-2014,495.455,503.222,487.58,487.924,12763944.097222222,6270357171.891746
Apr-21-2014,497.739,510.568,493.201,495.773,14247268.531468531,6340714412.305739
Apr-20-2014,501.751,510.871,490.84,498.168,15292310.069444444,6356766518.460966
Apr-19-2014,479.582,503.555,470.561,501.565,20064121.875,6222847890.745991
Apr-18-2014,495.798,498.601,472.741,479.645,24792255.74912892,6148960573.576315
Apr-17-2014,529.067,533.517,484.874,495.963,44005150.6993007,6395758113.893819
Apr-16-2014,522.185,542.378,502.781,527.395,54356754.16725979,6535677068.348081
Apr-15-2014,458.373,518.996,453.543,515.586,48152451.84397163,6152808781.20645
Apr-14-2014,414.828,469.751,407.373,458.787,41624579.298245616,5634258397.876184
Apr-13-2014,421.461,427.398,395.254,414.063,15528146.180555556,5262634566.070513
Apr-12-2014,420.889,439.606,415.789,421.116,34810648.958333336,5378662463.033789
Apr-11-2014,363.71,429.767,351.816,420.947,73670357.14285715,5101026477.287789
Apr-10-2014,442.256,443.366,358.732,365.176,32636740.277777776,5161198426.437902
Apr-09-2014,453.177,455.728,441.933,442.725,11066679.895470383,5673128492.027857
Apr-08-2014,447.613,457.424,446.114,453.086,14037298.021201413,5709315677.858102
Apr-07-2014,461.474,462.564,445.122,449.423,12078620.731707318,5733278721.288774
Apr-06-2014,463.397,466.319,452.97,460.499,11486721.527777778,5799666042.826808
Apr-05-2014,446.675,463.571,444.197,461.907,17020784.375,5688510905.385484
Apr-04-2014,445.664,454.652,429.091,447.526,30892161.324041814,5582762860.993133
Apr-03-2014,436.444,449.565,414.89,444.718,53592427.112676054,5457878476.537804
Apr-02-2014,479.137,495.045,431.269,437.14,33959281.81818182,5872691500.069672
Apr-01-2014,457,495.343,457,478.375,30041358.156028368,5998615252.71263
Mar-31-2014,462.299,483.022,443.365,457.001,46448404.87804878,5756889064.164937
Mar-30-2014,492.372,492.372,444.179,460.273,25007250.37313433,5900211133.428395
Mar-29-2014,501.713,504.859,489.734,491.172,24921434.939271256,6350288606.788746
Mar-28-2014,477.143,526.023,473.234,495.666,75398755.06072874,6315944296.191547
Mar-27-2014,580.257,580.56,471.239,471.239,35475810.37037037,6791472293.168898
Mar-26-2014,583.482,590.028,570.963,580.827,15706614.427860696,7302344076.547638
Mar-25-2014,585.026,585.438,572.605,583.917,20424957.013888888,7263109223.054356
Mar-24-2014,562.507,586.562,551.772,583.412,14198842.097902099,7077884418.325598
Mar-23-2014,565.764,570.238,560.878,561.272,13137691.49825784,7091490042.65409
Mar-22-2014,571.18,572.548,554.391,565.04,27472762.152777776,7084883883.730602
Mar-21-2014,588.294,604.592,561.813,571.49,29695169.444444444,7306086310.096597
Mar-20-2014,609.745,609.745,587.493,588.77,16687415.679442508,7488914117.02097
Mar-19-2014,613.896,622,609.096,609.888,19580376.783216782,7698074856.061342
Mar-18-2014,621.838,622.391,603.796,614.832,19978577.430555556,7696416281.718099
Mar-17-2014,630.92,632.68,616.855,622.373,10534403.776223777,7825009997.995891
Mar-16-2014,636.5,637.52,628.11,631.11,4539644.912891986,7923801162.071549
Mar-15-2014,629.37,639.14,627.3,636.12,8524813.263888888,7932813424.413489
Mar-14-2014,638.14,639.53,627.21,628.8,12083537.142857144,7923032541.172365
Mar-13-2014,633.62,644.2,630.85,638.14,12905969.58041958,7983159635.180029
Mar-12-2014,631.91,648.03,629.51,632.1,18940549.305555556,7959922309.064316
Mar-11-2014,627.95,638.42,618.84,634.11,15204582.43902439,7837667867.443592
Mar-10-2014,636.33,644.76,615.02,627.79,18088327.083333332,7874269858.756705
Mar-09-2014,616.31,643.95,612.35,636.96,15915538.111888113,7832981151.03068
Mar-08-2014,629.66,635.14,604.46,617.45,28762910.416666668,7735490966.473212
Mar-07-2014,664.31,665.34,616.35,629.15,22641439.08450704,8025457767.9470005
Mar-06-2014,664.52,669.77,649.79,663.86,18503728.62190813,8245171934.647258
Mar-05-2014,666.24,674.28,646.28,665.51,37862335.35714286,8242502215.116514
Mar-04-2014,668.24,696.22,655.68,666.78,85672067.42424242,8403577585.418315
Mar-03-2014,562.56,702.91,560.52,667.76,40165800.945454545,7498897993.798949
Mar-02-2014,567.23,570.48,553.27,559.79,10561847.263157895,7011787695.328666
Mar-01-2014,549.92,573.38,539.29,565.61,27497411.458333332,6982480864.197009
Feb-28-2014,579.7,584.14,545.17,549.26,23830455.0877193,7070255331.975941
Feb-27-2014,581.65,594.05,566.62,578.77,43455990.87719298,7210937027.745565
Feb-26-2014,537.04,603.8,532.58,582.69,88164242.95774648,7125118331.053257
Feb-25-2014,540.24,541.38,420.41,538.71,98908728.51985559,6252179685.794806
Feb-24-2014,606.04,607.61,538.7,546.32,47587242.456140354,7105573278.507786
Feb-23-2014,606.47,639.91,599.7,605.82,35687902.09059233,7675297672.93679
Feb-22-2014,574.24,614.48,558.58,605.42,28979581.533101045,7180168421.867626
Feb-21-2014,556.88,582.96,530.47,574.16,55196455.28169014,6996345255.8810835
Feb-20-2014,623.09,627.73,556.14,556.14,29843161.267605633,7422868540.349037
Feb-19-2014,625.97,631.77,618.7,623.03,15284668.197879858,7750140803.418797
Feb-18-2014,627.16,645.76,612.54,626.6,25615585.96491228,7794976824.250026
Feb-17-2014,614.23,656.95,607.31,626.27,42927346.503496505,7797772263.793191
Feb-16-2014,651.3,665.1,584.17,616.63,26895555.400696862,7849611059.002528
Feb-15-2014,660.9,661.84,632.84,650.92,59722314.23611111,8034029221.9607935
Feb-14-2014,601.17,691.72,541.04,661.99,83605031.70731707,7711203962.133524
Feb-13-2014,651.08,657.99,601.91,605.24,23001732.75261324,7941472584.606925
Feb-12-2014,672.38,672.9,643.04,651.72,59332233.48017621,8179088889.310021
Feb-11-2014,683.5,712.46,636.66,672.17,86329650.87719299,8511996269.61617
Feb-10-2014,681.32,703.71,550.5,681.03,76829848.95833333,8249234526.37808
Feb-09-2014,671.46,712.27,655.25,682.9,39341435.0877193,8462515202.674435
Feb-08-2014,699.57,721.82,661.87,673.92,66004233.68055555,8651820963.768253
Feb-07-2014,783.2,783.2,654.35,712.4,87334584.02777778,8994656750.112932
Feb-06-2014,815.59,819.81,770.59,781.55,47502459.58188153,9886134106.70584
Feb-05-2014,829.96,837.32,811.91,811.91,15026073.519163763,10229221580.29497
Feb-04-2014,823.77,840.17,820.94,827.96,16221290.52631579,10261482876.831123
Feb-03-2014,824.08,826.48,807.22,823.83,12804520.459363958,10104907642.524513
Feb-02-2014,832.9,844.72,820.67,825.37,16498140.766550522,10307710825.199413
Feb-01-2014,828.61,853.52,827.11,832.58,16480984.375,10343351449.547052
Jan-31-2014,818.43,831.87,812.6,829.92,26176925,10135956787.035637
Jan-30-2014,826.02,830.5,799.06,819.03,21338914.63414634,10070366272.946058
Jan-29-2014,809.96,836.87,809.85,826,29048583.50877193,10128597446.024338
Jan-28-2014,774.02,832.5,766.98,812.51,60975196.8641115,9889388626.727922
Jan-27-2014,884.6,893,757.11,771.39,32267905.555555556,10443850075.050283
Jan-26-2014,853.68,897.02,844.86,885.28,27087593.728222996,10680037187.95403
Jan-25-2014,796.24,861.45,792.96,853.61,24353502.083333332,10184986922.238684
Jan-24-2014,822.43,822.43,783.58,797.07,30197343.055555556,9881758220.551954
Jan-23-2014,845.46,851.57,819.32,822.04,17008019.298245613,10300802571.823685
Jan-22-2014,867.21,870.15,837.36,845.59,17395185.51236749,10523337947.08444
Jan-21-2014,869.65,881.2,855.93,863.91,21153266.666666668,10640884702.546667
Jan-20-2014,871.39,886.39,853.87,870.2,31671418.75,10729035655.463768
Jan-19-2014,839.66,870.96,825.53,870.96,17158798.943661973,10312718035.762447
Jan-18-2014,816.07,841.49,816.07,840,30981729.824561402,10219660321.705078
Jan-17-2014,834.49,842.91,797.63,814.64,29055483.566433568,10109762173.276577
Jan-16-2014,860.29,866.16,835.63,835.63,21776485.09090909,10464603001.618496
Jan-15-2014,833.12,872.81,830.86,860.9,24818056.097560976,10488394474.81038
Jan-14-2014,843.17,855.69,825.66,833.27,35096684.375,10313078242.653051
Jan-13-2014,860.19,861.29,806.05,841.2,39904186.11111111,10258670242.777367
Jan-12-2014,919.6,928.52,851.17,863.22,40845699.65156794,10872362349.683258
Jan-11-2014,867.32,921.48,861.72,913.95,43122722.56944445,10933782905.698044
Jan-10-2014,846.69,871.19,822.6,868.48,48399306.94444445,10270348462.103308
Jan-09-2014,841.47,864.36,804.14,846.86,51776518.466898955,10304069916.889668
Jan-08-2014,795.99,870.68,776.18,842.72,97216106.94444445,10198922253.731207
Jan-07-2014,946.49,965.74,802,802,75583107.91366906,11044773594.158693
Jan-06-2014,936.05,1017.12,905.71,953.29,84229008.47457626,11746043059.136497
Jan-05-2014,858.55,952.4,854.52,933.53,51393924.73867596,10878035203.975212
Jan-04-2014,823.27,859.51,801.67,859.51,34606387.152777776,10105103732.522146
Jan-03-2014,802.85,834.15,789.12,818.72,46741909.375,9918214796.21298
Jan-02-2014,773.44,820.31,767.21,802.39,20763855.555555556,9489875856.446772
Jan-01-2014,754.97,775.35,754.97,771.4,23031290.94076655,9363068443.986399
Dec-31-2013,760.32,760.58,738.17,754.01,20363961.111111112,9160241127.762297
Dec-30-2013,741.35,766.6,740.24,756.13,22761578.13620072,9208370232.27322
Dec-29-2013,728.05,748.61,714.44,745.05,25224720.714285713,8855014280.557642
Dec-28-2013,737.98,747.06,705.35,727.83,37162283.62369338,9052405011.59776
Dec-27-2013,763.28,777.51,713.6,735.07,59574817.55319149,51079300759.18997
Dec-26-2013,683.94,777.75,683.94,761.98,0,8823264471.632868
Dec-25-2013,666.31,682.7,649.48,682.21,0,8117254030.310104
Dec-24-2013,672.36,684.39,645.71,665.58,0,8087558008.729167
Dec-23-2013,613.06,680.91,611.04,673.41,0,7815649974.145833
Dec-22-2013,601.78,666.74,585.64,617.18,0,7634471211.870629
Dec-21-2013,619.9,654.27,579.17,605.66,0,7496491064.600695
Dec-20-2013,694.22,729.16,595.33,625.32,0,8278819981.468532
Dec-19-2013,519.06,707.23,502.89,691.96,0,7498842662.888112
Dec-18-2013,678.2,679.32,420.51,522.7,0,6904004416.13986
Dec-17-2013,706.37,754.83,630.88,682.12,0,8411836749.585366
Dec-16-2013,880.33,882.25,668.25,705.97,0,9797279561.003485
Dec-15-2013,875.29,886.16,825,876.12,0,10377942790.14841
Dec-14-2013,899.85,904.65,858.36,872.6,0,10666393220.133333
Dec-13-2013,874.98,941.79,860.05,892.58,0,10814526003.791666
Dec-12-2013,882.78,901.94,844.95,873.26,0,10543974130.775438
Dec-11-2013,989.07,1001.58,834.23,878.48,0,11132235181.954546
Dec-10-2013,892.32,997.23,892.32,988.51,0,11357875550.583038
Dec-09-2013,793.8,921.93,780.9,893.19,0,10482293789.675959
Dec-08-2013,697.31,802.51,670.88,795.87,0,8869665360.986063
Dec-07-2013,835.32,854.64,640.22,698.23,0,8926418109.448763
Dec-06-2013,1042.38,1042.38,829.45,829.45,0,11721574877.745583
Dec-05-2013,1152.73,1154.36,897.11,1045.11,0,12765192379.484098
Dec-04-2013,1077.58,1156.12,1070.16,1151.17,0,13410349155.003521
Dec-03-2013,1046.4,1096,1011.21,1078.28,0,12768575826.37193
Dec-02-2013,951.42,1055.42,938.41,1043.33,0,12136087600.163763
Dec-01-2013,1128.92,1133.08,801.82,955.85,0,12407207412.958189
Nov-30-2013,1129.37,1156.14,1106.61,1129.43,0,13685797835.790941
Nov-29-2013,1042.01,1146.97,1000.64,1131.97,0,13130218591.119047
Nov-28-2013,1003.38,1077.56,962.17,1031.95,0,12189223344.177084
Nov-27-2013,923.85,1001.96,891.68,1001.96,0,11288513054.818815
Nov-26-2013,805.73,928.54,800.8,928.1,0,10160899996.052084
Nov-25-2013,773.02,810.68,754.43,799.11,0,9479403714.247272
Nov-24-2013,795.63,807.36,722.87,774.25,0,9315554095.675959
Nov-23-2013,771.7,844.97,771.7,797.82,0,9725763329.277779
Nov-22-2013,724.07,780.85,668.13,771.44,0,8550250353.23718
Nov-21-2013,594.32,733.4,577.29,722.43,0,7798078237.979167
Nov-20-2013,577.98,599.65,448.45,590.83,0,6413472945.564912
Nov-19-2013,712.76,806.11,456.39,584.61,0,7842969834.111111
Nov-18-2013,496.58,703.78,494.94,703.56,0,6722244316.256945
Nov-17-2013,440.96,500.58,440.24,492.11,0,5636073153.024305
Nov-16-2013,417.28,450.26,415.57,440.22,0,5227071684.576923
Nov-15-2013,419.41,437.89,396.11,417.95,0,5088115349.36237
Nov-14-2013,406.41,425.9,395.19,420.2,0,4987750978.045139
Nov-13-2013,360.97,414.05,359.8,407.37,0,4598111855.5754385
Nov-12-2013,343.06,362.81,342.8,360.33,0,4255154396.736111
Nov-11-2013,325.41,351.27,311.78,342.44,0,3981742515.701389
Nov-10-2013,348.82,350.7,277.24,326.62,0,3737612011.5347223
Nov-09-2013,338.58,370.82,319.71,339.11,0,4227868650.365854
Nov-08-2013,297.85,338.66,296.93,338.11,0,3831392179.8854165
Nov-07-2013,261.68,304.17,261.55,296.41,0,3429439622.5902777
Nov-06-2013,244.78,263,244.78,262.5,0,3068990578.79021
Nov-05-2013,229.21,250.66,226.22,245.24,0,2839395462.6840277
Nov-04-2013,214.66,231.01,213.94,229.1,0,2629920829.3090277
Nov-03-2013,205.99,215.05,203.99,215.05,0,2479526540.6215277
Nov-02-2013,205.81,207.76,201.65,206.22,0,2443806658.6013985
Nov-01-2013,203.9,206.65,202.13,206.18,0,2439073219.595819
Oct-31-2013,199.83,205.18,198.85,204,0,2408311752.2877192
Oct-30-2013,204.39,209.16,199.97,199.97,0,2433970710.509225
Oct-29-2013,198.55,204.79,198.55,204.39,0,2396558585.8402777
Oct-28-2013,196.21,198.62,192.06,198.55,0,2344551901.6829267
Oct-27-2013,176.6,196.44,176.6,196.44,0,2201179661.0555553
Oct-26-2013,187.45,188.41,175.75,177.32,0,2153917347.2787457
Oct-25-2013,197.69,198.87,168.5,186.69,0,2173935236.59375
Oct-24-2013,214.3,217.42,168.52,198.23,0,2380563233.8784723
Oct-23-2013,193.36,213.62,192.38,213.62,0,2384576040.3286715
Oct-22-2013,182.65,196.27,182.65,193.76,0,2265672646.327526
Oct-21-2013,174.8,184.82,174.8,182.21,0,2135373879.75
Oct-20-2013,171.66,174.91,168.95,174.61,0,2048647636.6875
Oct-19-2013,155.91,177.48,155.7,172.42,0,1982327360.0179856
Oct-18-2013,146.37,155.96,145.57,155.96,0,1777621284.28125
Oct-17-2013,142.41,147.42,142.41,146.25,0,1721590192.9166667
Oct-16-2013,145.65,152.23,142.43,142.55,0,1754296577.6585367
Oct-15-2013,140.77,145.39,139.13,145.24,0,1676220637.6388888
Oct-14-2013,139.27,144.12,138.9,140.52,0,1672369171.2395833
Oct-13-2013,135.19,138.66,134.55,138.13,0,1605187620.9583333
Oct-12-2013,130.9,135.66,130.56,135.19,0,1580788273.8222997
Oct-11-2013,130.75,131.81,129.64,130.9,0,1542370516.6076388
Oct-10-2013,130.67,131.5,129.26,130.59,0,1542155777.6458333
Oct-09-2013,125.85,131.75,125.58,130.69,0,1524164774.6689897
Oct-08-2013,126.74,127.47,124.71,126,0,1487193449.7508771
Oct-07-2013,129.43,130.27,126.36,126.94,0,1518677455.7013888
Oct-06-2013,128.36,129.66,126.15,129,0,1511179979.5783973
Oct-05-2013,128.63,130.44,128.03,128.55,0,1522528769.7569444
Oct-04-2013,123.41,130.09,123.41,129.01,0,1500254761.1631944
Oct-03-2013,114.45,123.63,111.82,123.63,0,1412675058.717472
Oct-02-2013,132.05,133.59,102.25,114.13,0,1501799430.9825785
Oct-01-2013,132.68,134.63,131.55,132.18,0,1567875129.5173612
Sep-30-2013,137.15,138.35,130.27,133,0,1571168689.1649122
Sep-29-2013,134.9,140.61,134.71,137.34,0,1630384157.9721255
Sep-28-2013,133.77,135.63,132.56,134.78,0,1575435247.8854167
Sep-27-2013,128.94,134.74,128.49,133.78,0,1550175516.4270833
Sep-26-2013,128.21,134.934,127.32,128.38,0,1511050512.53125
Sep-25-2013,127.38,129.69,127.33,128.22,0,1510342687.4947736
Sep-24-2013,126.05,127.46,125.39,127.25,0,1484807386.8055556
Sep-23-2013,128.98,132.725,125.66,125.95,0,1496273311.5034723
Sep-22-2013,127.87,133.94,126.59,129.12,0,1505253454.2439024
Sep-21-2013,126.95,128.61,126.24,127.43,0,1493972036.3958333
Sep-20-2013,129.7,135.62,126.68,127.04,0,1515811141.2777777
Sep-19-2013,131.37,131.77,128.45,129.65,0,1531084393.9166667
Sep-18-2013,131.71,133.2,130.54,131.47,0,1544783147.43554
Sep-17-2013,131.59,132.76,124.89,131.66,0,1528587324.7604167
Sep-16-2013,130.86,132.72,129.77,131.72,0,1538142725.0347223
Sep-15-2013,129.4,131.44,128.26,130.37,0,1518222725.1358886
Sep-14-2013,135.01,135.85,128.87,129.22,0,1545460561.3611112
Sep-13-2013,132.83,137.58,132.27,134.98,0,1582299063.6493056
Sep-12-2013,135.55,136.08,131.81,133.13,0,1567268611.6006944
Sep-11-2013,125.89,137.83,123.27,135.25,0,1504694151.8188152
Sep-10-2013,127.27,129.74,125.9,125.91,0,1490036351.6909723
Sep-09-2013,121.86,129.06,119.75,127.11,0,1440188605.5277777
Sep-08-2013,124.13,124.72,120.49,121.66,0,1430546622.271777
Sep-07-2013,118.89,125.94,118.46,124.15,0,1429076079.3020833
Sep-06-2013,126.49,127.34,119.15,119.15,0,1454845125.75
Sep-05-2013,126.76,131.44,121.83,126.43,0,1477547916.2048612
Sep-04-2013,136.53,144.5,123.61,126.74,0,1563463714.3006992
Sep-03-2013,135.61,138.34,133,136.77,0,1584587724.8194444
Sep-02-2013,138.63,146.5,134.89,135.85,0,1596964608.8194444
Sep-01-2013,135.14,145.81,134.81,138.34,0,1601467803.8606272
Aug-31-2013,133.09,140.89,132.72,135.35,0,1579944253.5486112
Aug-30-2013,122.35,135.75,120.99,133.49,0,1464541260.7770035
Aug-29-2013,122.62,123.7,122.21,122.39,0,1427988599.1527777
Aug-28-2013,126.48,127.32,122.62,122.62,0,1441389667.3240418
Aug-27-2013,120.07,127.24,120.07,126.5,0,1447401364.3472223
Aug-26-2013,122.111,122.755,119.93,120.056,0,1411088719.8472223
Aug-25-2013,119.603,122.987,119.17,122.111,0,1406472356.6655052
Aug-24-2013,118.51,121.39,118.02,120.045,0,1384680636.3888888
Aug-23-2013,122,122,118.444,118.501,0,1390100979.4340277
Aug-22-2013,123.3,123.5,120.6,121.15,0,1415723415.6875
Aug-21-2013,121.21,124.914,119.682,123.3,0,1417413323.9965158
Aug-20-2013,119,123.011,117.508,121.205,0,1394751685.0347223
Aug-19-2013,113.38,123.062,111.771,119,0,1364524149.4201388
Aug-18-2013,112.75,114.688,112,113.5,0,1311687810.4390244
Aug-17-2013,108.994,113.75,108.225,113.5,0,1277530513.53125
Aug-16-2013,109.995,112.3,108.517,108.994,0,1268163042.3090277
Aug-15-2013,112.562,113.245,109,109.99,0,1284681610.9647887
Aug-14-2013,109.555,114.995,108.001,112.562,0,1295010012.9547038
Aug-13-2013,106.99,109.35,104.65,109,0,1234296704.7916667
Aug-12-2013,105,108,103.5,106.636,0,1209792541.4320557
Aug-11-2013,103,105.19,102.755,105,0,1199563910.1010454
Aug-10-2013,102.8,103.9,102.41,103,0,1188189281.1979167
Aug-09-2013,103.07,105.75,101.935,102.8,0,1189772905.2986112
Aug-08-2013,106.75,106.75,101.26,103,0,1200724316.40625
Aug-07-2013,106.75,106.75,106.75,106.75,0,1229098150
Aug-06-2013,106.72,107.382,105.557,106.75,0,1226729675.6527777
Aug-05-2013,105.12,107.77,105,106.22,0,1224253220.4895833
Aug-04-2013,104.95,105.95,103.523,105.144,0,1204088166.8919861
Aug-03-2013,104.501,105.78,102.002,104.005,0,1194759655.6770833
Aug-02-2013,104.856,108,101.211,104.501,0,1202745036.9930556
Aug-01-2013,106.213,108,103.011,104,0,1211387358.6736112
Jul-31-2013,107.95,111.344,103.88,106.09,0,1237309604.4684014
Jul-30-2013,101.489,107.99,100.47,107.99,0,1172404696.3776224
Jul-29-2013,98.6,102.5,98.455,101.2,0,1153031434.3506944
Jul-28-2013,94.4,100.577,94,99.756,0,1105575185.630662
Jul-27-2013,96.0201,96.995,93,94.116,0,1083941020.4583333
Jul-26-2013,96.95,97.4691,96,96.0202,0,1104579891.8715277
Jul-25-2013,94.505,97.33,93.8657,96.9,0,1096702945.6006944
Jul-24-2013,95.5585,95.99,93,94.51,0,1082141085.0940766
Jul-23-2013,91.6,96.8193,91.6,95.5585,0,1074547609.2083333
Jul-22-2013,91.998,91.998,90.0754,91.61,0,1043066741.6701388
Jul-21-2013,89.8214,91.95,88,90.7573,0,1025637478.5156795
Jul-20-2013,92,93.1,89.2711,89.3901,0,1051175381.5659722
Jul-19-2013,90.0689,95.2001,87.8,92.17,0,1035625722.9340278
Jul-18-2013,98.5,98.8,86.2,90.58,0,1050190864.8641115
Jul-17-2013,96.71,99.97,96.18,98.5,0,1120160356.878049
Jul-16-2013,98.8903,99.8623,96.1416,97.4508,0,1118928651.84669
Jul-15-2013,93.605,101.9,93.11,98.4002,0,1106703860.9236112
Jul-14-2013,98.7,98.7,92.86,94.6913,0,1092639152.7508771
Jul-13-2013,93.9899,98.25,88.0622,98.1339,0,1060782341.1423612
Jul-12-2013,88.979,104,88.166,93.5949,0,1093406362.2118056
Jul-11-2013,88,90.28,85.0799,88.98,0,992770237.1916376
Jul-10-2013,76.72,87,76.2,86.76,0,897604562.9719298
Jul-09-2013,76,78.3,72.52,76.694,0,863024350.6076388
Jul-08-2013,76.5,80,72.6,76.516,0,878549527.6354166
Jul-07-2013,68.749,74.5611,66.62,74.5611,0,791126739.0557492
Jul-06-2013,68.505,75,66.82,70.2773,0,792036540.4756944
Jul-05-2013,79.99,80,65.526,68.431,0,838864814.4027778
Jul-04-2013,78.89,83.105,72,80.5258,0,901020321.2543554
Jul-03-2013,90.405,90.9812,76.9792,77.53,0,986216831.7589928
Jul-02-2013,88.05,92.3,87.51,90.134,0,1021768603.21875
Jul-01-2013,97.51,97.6649,86.2972,88.05,0,1068851314.4236112
Jun-30-2013,94.999,98.1223,94.2223,96.614,0,1093902466.2937062
Jun-29-2013,94.66,99.99,93,94.994,0,1093324631.7212543
Jun-28-2013,101.737,101.737,92.333,94.6492,0,1105778522.3055556
Jun-27-2013,104,104,101.1,101.437,0,1166017535.2543554
Jun-26-2013,103.329,105.489,102.792,104,0,1181535897.0070422
Jun-25-2013,102.09,106.47,101.01,103.95,0,1179374742.8854167
Jun-24-2013,107.9,108.334,100.98,102.737,0,1181220991.5243056
Jun-23-2013,108.2,108.8,106.234,107.6,0,1217834976.968641
Jun-22-2013,109.5,109.956,107.514,108.3,0,1229628096.9513888
Jun-21-2013,111.29,114.99,107.685,109.5,0,1251009495.6979167
Jun-20-2013,108.251,114.3,107.5,110.15,0,1246330944.9265735
Jun-19-2013,107.05,110.225,105.755,108.25,0,1218040099.7951388
Jun-18-2013,101.95,111.111,101.033,107.4,0,1188925051.6550522
Jun-17-2013,99.9,102.21,99,101.7,0,1141778807.5228071
Jun-16-2013,99.8,101.6,98.9466,99.51,0,1129685674.728223
Jun-15-2013,100,103.7,98,99.9881,0,1135366605.9722223
Jun-14-2013,103.949,104.7,98,99.9789,0,1148091963.794425
Jun-13-2013,108.776,110.3,100.53,104,0,1222677445.1358886
Jun-12-2013,109,111.787,106.734,108.15,0,1228302244.1701388
Jun-11-2013,106.35,109.6,104,108.9,0,1204883955.1080139
Jun-10-2013,100.437,110.101,95.002,106.35,0,1177145220.3181818
Jun-09-2013,107.892,108.99,88.5,100,0,1126166925.7351916
Jun-08-2013,111,111.415,107.3,108.3,0,1230471192.25
Jun-07-2013,118.97,119,106.42,111.5,0,1285665765.9548612
Jun-06-2013,121.9,123.1,117.25,118,0,1362952370.121951
Jun-05-2013,121.4,123.469,119.899,121.65,0,1366198056.90625
Jun-04-2013,120.737,123.84,119.1,121.42,0,1366519793.8345587
Jun-03-2013,122.5,122.5,116,122.222,0,1343652162.5347223
Jun-02-2013,129.3,129.4,115.05,122.292,0,1384800050.8909774
Jun-01-2013,128.815,129.78,127.199,129.3,0,1444664157.40625
May-31-2013,128.799,129.9,126.4,129,0,1443010699.7561839
May-30-2013,132.25,132.25,127,128.799,0,1463545477.8188152
May-29-2013,129,132.59,127.662,132.3,0,1454416206.8971632
May-28-2013,129.77,130.58,125.6,129,0,1439280236.6319444
May-27-2013,133.5,135.465,124.7,129.745,0,1488920278.8993056
May-26-2013,131.986,136,130.615,133.48,0,1493842936.8842106
May-25-2013,133.1,133.219,128.9,131.98,0,1472858824.34375
May-24-2013,126.3,133.85,125.719,133.2,0,1441256680.9444444
May-23-2013,123.8,126.934,123.1,126.7,0,1398746908.6550522
May-22-2013,122.89,124.001,122,123.889,0,1372542171.1701388
May-21-2013,122.02,123,121.21,122.88,0,1367163585.8194444
May-20-2013,122.5,123.621,120.12,122,0,1368271987.4236112
May-19-2013,123.211,124.5,119.571,121.99,0,1368860919.662021
May-18-2013,123.5,125.25,122.3,123.498,0,1379235727.4375
May-17-2013,118.21,125.3,116.571,123.015,0,1334833730.5347223
May-16-2013,114.22,118.76,112.2,118.76,0,1282659394.651568
May-15-2013,111.4,115.81,103.5,114.22,0,1250200218.339161
May-14-2013,117.98,119.8,110.25,111.5,0,1311537042.2951388
May-13-2013,114.82,118.699,114.5,117.98,0,1301411889.2013888
May-12-2013,115.64,117.449,113.435,115,0,1286251828.7770035
May-11-2013,117.7,118.679,113.01,115.243,0,1295632312.1241136
May-10-2013,112.799,122,111.551,117.2,0,1296978426.4076655
May-09-2013,113.2,113.46,109.26,112.67,0,1245372317.6347518
May-08-2013,109.6,115.78,109.6,113.566,0,1255949697.4097223
May-07-2013,112.25,113.444,97.7,111.5,0,1200047410.9756944
May-06-2013,115.98,124.663,106.64,112.3,0,1322216068.4097223
May-05-2013,112.9,118.8,107.143,115.91,0,1268310696.2587411
May-04-2013,98.1,115,92.5,112.5,0,1161080070.9409723
May-03-2013,106.25,108.128,79.1,97.75,0,1037536837.6631944
May-02-2013,116.38,125.6,92.2819,105.21,0,1236443772.3285713
May-01-2013,139,139.89,107.72,116.99,0,1422546075.0972223
Apr-30-2013,144,146.93,134.05,139,0,1578684648.2083333
Apr-29-2013,134.444,147.488,134,144.54,0,1549500876.2569444
Apr-28-2013,134.4444,135.98,132.1,134.21,0,1483338724.8387096
Apr-27-2013,128.0001,128.0001,128.0001,128.0001,0,0
Apr-26-2013,136.9,136.9,136.9,136.9,0,0
Apr-25-2013,141.71,141.71,141.71,141.71,0,0
Apr-24-2013,154.2,154.2,154.2,154.2,0,0
Apr-23-2013,143.475,143.475,143.475,143.475,0,0
Apr-22-2013,127.4,127.4,127.4,127.4,0,0
Apr-21-2013,119.2,119.2,119.2,119.2,0,0
Apr-20-2013,126.6155,126.6155,126.6155,126.6155,0,0
Apr-19-2013,118.48,118.48,118.48,118.48,0,0
Apr-18-2013,109.01,109.01,109.01,109.01,0,0
Apr-17-2013,93.07,93.07,93.07,93.07,0,0
Apr-16-2013,68.3557,68.3557,68.3557,68.3557,0,0
Apr-15-2013,82.386,82.386,82.386,82.386,0,0
Apr-14-2013,90,90,90,90,0,0
Apr-13-2013,93,93,93,93,0,0
Apr-12-2013,117,117,117,117,0,0
Apr-11-2013,124.9,124.9,124.9,124.9,0,0
Apr-10-2013,165,165,165,165,0,0
Apr-09-2013,230,230,230,230,0,0
Apr-08-2013,187.5,187.5,187.5,187.5,0,0
Apr-07-2013,162.301,162.301,162.301,162.301,0,0
Apr-06-2013,142.6311,142.6311,142.6311,142.6311,0,0
Apr-05-2013,142.3236,142.3236,142.3236,142.3236,0,0
Apr-04-2013,132.12,132.12,132.12,132.12,0,0
Apr-03-2013,135,135,135,135,0,0
Apr-02-2013,117.98,117.98,117.98,117.98,0,0
Apr-01-2013,104,104,104,104,0,0
Mar-31-2013,93.03,93.03,93.03,93.03,0,0
Mar-30-2013,92.19,92.19,92.19,92.19,0,0
Mar-29-2013,90.5,90.5,90.5,90.5,0,0
Mar-28-2013,86.18,86.18,86.18,86.18,0,0
Mar-27-2013,88.92,88.92,88.92,88.92,0,0
Mar-26-2013,78.5,78.5,78.5,78.5,0,0
Mar-25-2013,73.6,73.6,73.6,73.6,0,0
Mar-24-2013,71.5,71.5,71.5,71.5,0,0
Mar-23-2013,64.35,64.35,64.35,64.35,0,0
Mar-22-2013,69.865,69.865,69.865,69.865,0,0
Mar-21-2013,70.85,70.85,70.85,70.85,0,0
Mar-20-2013,64.4888,64.4888,64.4888,64.4888,0,0
Mar-19-2013,59.14,59.14,59.14,59.14,0,0
Mar-18-2013,51.6,51.6,51.6,51.6,0,0
Mar-17-2013,47.4,47.4,47.4,47.4,0,0
Mar-16-2013,47.0002,47.0002,47.0002,47.0002,0,0
Mar-15-2013,46.95,46.95,46.95,46.95,0,0
Mar-14-2013,47.1696,47.1696,47.1696,47.1696,0,0
Mar-13-2013,46.92,46.92,46.92,46.92,0,0
Mar-12-2013,44.2899,44.2899,44.2899,44.2899,0,0
Mar-11-2013,48.4,48.4,48.4,48.4,0,0
Mar-10-2013,46,46,46,46,0,0
Mar-09-2013,46.85,46.85,46.85,46.85,0,0
Mar-08-2013,44.18,44.18,44.18,44.18,0,0
Mar-07-2013,42,42,42,42,0,0
Mar-06-2013,41.0201,41.0201,41.0201,41.0201,0,0
Mar-05-2013,40.33,40.33,40.33,40.33,0,0
Mar-04-2013,36.152,36.152,36.152,36.152,0,0
Mar-03-2013,34.5,34.5,34.5,34.5,0,0
Mar-02-2013,34.25,34.25,34.25,34.25,0,0
Mar-01-2013,34.5,34.5,34.5,34.5,0,0
Feb-28-2013,33.38,33.38,33.38,33.38,0,0
Feb-27-2013,30.9012,30.9012,30.9012,30.9012,0,0
Feb-26-2013,31.1,31.1,31.1,31.1,0,0
Feb-25-2013,30.4,30.4,30.4,30.4,0,0
Feb-24-2013,29.89,29.89,29.89,29.89,0,0
Feb-23-2013,29.8,29.8,29.8,29.8,0,0
Feb-22-2013,30.2454,30.2454,30.2454,30.2454,0,0
Feb-21-2013,29.7477,29.7477,29.7477,29.7477,0,0
Feb-20-2013,29.645,29.645,29.645,29.645,0,0
Feb-19-2013,29.4176,29.4176,29.4176,29.4176,0,0
Feb-18-2013,26.95,26.95,26.95,26.95,0,0
Feb-17-2013,26.8146,26.8146,26.8146,26.8146,0,0
Feb-16-2013,27.2158,27.2158,27.2158,27.2158,0,0
Feb-15-2013,27.1,27.1,27.1,27.1,0,0
Feb-14-2013,27.2205,27.2205,27.2205,27.2205,0,0
Feb-13-2013,24.2,24.2,24.2,24.2,0,0
Feb-12-2013,25.1698,25.1698,25.1698,25.1698,0,0
Feb-11-2013,24.65,24.65,24.65,24.65,0,0
Feb-10-2013,23.9698,23.9698,23.9698,23.9698,0,0
Feb-09-2013,23.65,23.65,23.65,23.65,0,0
Feb-08-2013,22.66,22.66,22.66,22.66,0,0
Feb-07-2013,22.15,22.15,22.15,22.15,0,0
Feb-06-2013,21.18,21.18,21.18,21.18,0,0
Feb-05-2013,20.6,20.6,20.6,20.6,0,0
Feb-04-2013,20.4301,20.4301,20.4301,20.4301,0,0
Feb-03-2013,20.59,20.59,20.59,20.59,0,0
Feb-02-2013,19.63,19.63,19.63,19.63,0,0
Feb-01-2013,20.499,20.499,20.499,20.499,0,0
Jan-31-2013,20.41,20.41,20.41,20.41,0,0
Jan-30-2013,19.7,19.7,19.7,19.7,0,0
Jan-29-2013,19.5254,19.5254,19.5254,19.5254,0,0
Jan-28-2013,18.721,18.721,18.721,18.721,0,0
Jan-27-2013,17.8182,17.8182,17.8182,17.8182,0,0
Jan-26-2013,17.88,17.88,17.88,17.88,0,0
Jan-25-2013,17.4,17.4,17.4,17.4,0,0
Jan-24-2013,16.896,16.896,16.896,16.896,0,0
Jan-23-2013,17.5,17.5,17.5,17.5,0,0
Jan-22-2013,17.2614,17.2614,17.2614,17.2614,0,0
Jan-21-2013,16.8,16.8,16.8,16.8,0,0
Jan-20-2013,15.7,15.7,15.7,15.7,0,0
Jan-19-2013,15.615,15.615,15.615,15.615,0,0
Jan-18-2013,15.705,15.705,15.705,15.705,0,0
Jan-17-2013,15.5,15.5,15.5,15.5,0,0
Jan-16-2013,14.73,14.73,14.73,14.73,0,0
Jan-15-2013,14.25,14.25,14.25,14.25,0,0
Jan-14-2013,14.3,14.3,14.3,14.3,0,0
Jan-13-2013,14.116,14.116,14.116,14.116,0,0
Jan-12-2013,14.237,14.237,14.237,14.237,0,0
Jan-11-2013,14.137,14.137,14.137,14.137,0,0
Jan-10-2013,14.14,14.14,14.14,14.14,0,0
Jan-09-2013,13.77,13.77,13.77,13.77,0,0
Jan-08-2013,13.7428,13.7428,13.7428,13.7428,0,0
Jan-07-2013,13.5876,13.5876,13.5876,13.5876,0,0
Jan-06-2013,13.454,13.454,13.454,13.454,0,0
Jan-05-2013,13.44,13.44,13.44,13.44,0,0
Jan-04-2013,13.5,13.5,13.5,13.5,0,0
Jan-03-2013,13.3979,13.3979,13.3979,13.3979,0,0
Jan-02-2013,13.28,13.28,13.28,13.28,0,0
Jan-01-2013,13.3041,13.3041,13.3041,13.3041,0,0
Dec-31-2012,13.51,13.51,13.51,13.51,0,0
Dec-30-2012,13.45,13.45,13.45,13.45,0,0
Dec-29-2012,13.4,13.4,13.4,13.4,0,0
Dec-28-2012,13.4212,13.4212,13.4212,13.4212,0,0
Dec-27-2012,13.4217,13.4217,13.4217,13.4217,0,0
Dec-26-2012,13.4679,13.4679,13.4679,13.4679,0,0
Dec-25-2012,13.35,13.35,13.35,13.35,0,0
Dec-24-2012,13.38,13.38,13.38,13.38,0,0
Dec-23-2012,13.312,13.312,13.312,13.312,0,0
Dec-22-2012,13.3714,13.3714,13.3714,13.3714,0,0
Dec-21-2012,13.5,13.5,13.5,13.5,0,0
Dec-20-2012,13.5246,13.5246,13.5246,13.5246,0,0
Dec-19-2012,13.599,13.599,13.599,13.599,0,0
Dec-18-2012,13.299,13.299,13.299,13.299,0,0
Dec-17-2012,13.2501,13.2501,13.2501,13.2501,0,0
Dec-16-2012,13.3,13.3,13.3,13.3,0,0
Dec-15-2012,13.4901,13.4901,13.4901,13.4901,0,0
Dec-14-2012,13.6,13.6,13.6,13.6,0,0
Dec-13-2012,13.7001,13.7001,13.7001,13.7001,0,0
Dec-12-2012,13.6989,13.6989,13.6989,13.6989,0,0
Dec-11-2012,13.557,13.557,13.557,13.557,0,0
Dec-10-2012,13.4334,13.4334,13.4334,13.4334,0,0
Dec-09-2012,13.388,13.388,13.388,13.388,0,0
Dec-08-2012,13.4201,13.4201,13.4201,13.4201,0,0
Dec-07-2012,13.4999,13.4999,13.4999,13.4999,0,0
Dec-06-2012,13.299,13.299,13.299,13.299,0,0
Dec-05-2012,13.38,13.38,13.38,13.38,0,0
Dec-04-2012,13.41,13.41,13.41,13.41,0,0
Dec-03-2012,12.679,12.679,12.679,12.679,0,0
Dec-02-2012,12.5,12.5,12.5,12.5,0,0
Dec-01-2012,12.562,12.562,12.562,12.562,0,0
Nov-30-2012,12.565,12.565,12.565,12.565,0,0
Nov-29-2012,12.45,12.45,12.45,12.45,0,0
Nov-28-2012,12.3477,12.3477,12.3477,12.3477,0,0
Nov-27-2012,12.2,12.2,12.2,12.2,0,0
Nov-26-2012,12.2455,12.2455,12.2455,12.2455,0,0
Nov-25-2012,12.4821,12.4821,12.4821,12.4821,0,0
Nov-24-2012,12.4115,12.4115,12.4115,12.4115,0,0
Nov-23-2012,12.345,12.345,12.345,12.345,0,0
Nov-22-2012,12.4219,12.4219,12.4219,12.4219,0,0
Nov-21-2012,11.77,11.77,11.77,11.77,0,0
Nov-20-2012,11.7328,11.7328,11.7328,11.7328,0,0
Nov-19-2012,11.7999,11.7999,11.7999,11.7999,0,0
Nov-18-2012,11.6515,11.6515,11.6515,11.6515,0,0
Nov-17-2012,11.7889,11.7889,11.7889,11.7889,0,0
Nov-16-2012,11.7489,11.7489,11.7489,11.7489,0,0
Nov-15-2012,11.1977,11.1977,11.1977,11.1977,0,0
Nov-14-2012,10.95,10.95,10.95,10.95,0,0
Nov-13-2012,10.9512,10.9512,10.9512,10.9512,0,0
Nov-12-2012,11.008,11.008,11.008,11.008,0,0
Nov-11-2012,10.8687,10.8687,10.8687,10.8687,0,0
Nov-10-2012,10.89,10.89,10.89,10.89,0,0
Nov-09-2012,10.815,10.815,10.815,10.815,0,0
Nov-08-2012,10.925,10.925,10.925,10.925,0,0
Nov-07-2012,10.92,10.92,10.92,10.92,0,0
Nov-06-2012,10.899,10.899,10.899,10.899,0,0
Nov-05-2012,10.748,10.748,10.748,10.748,0,0
Nov-04-2012,10.8001,10.8001,10.8001,10.8001,0,0
Nov-03-2012,10.6425,10.6425,10.6425,10.6425,0,0
Nov-02-2012,10.4688,10.4688,10.4688,10.4688,0,0
Nov-01-2012,10.57,10.57,10.57,10.57,0,0
Oct-31-2012,11.201,11.201,11.201,11.201,0,0
Oct-30-2012,10.8875,10.8875,10.8875,10.8875,0,0
Oct-29-2012,10.6,10.6,10.6,10.6,0,0
Oct-28-2012,10.7,10.7,10.7,10.7,0,0
Oct-27-2012,10.2605,10.2605,10.2605,10.2605,0,0
Oct-26-2012,10.1706,10.1706,10.1706,10.1706,0,0
Oct-25-2012,10.8616,10.8616,10.8616,10.8616,0,0
Oct-24-2012,11.65,11.65,11.65,11.65,0,0
Oct-23-2012,11.65,11.65,11.65,11.65,0,0
Oct-22-2012,11.7101,11.7101,11.7101,11.7101,0,0
Oct-21-2012,11.6311,11.6311,11.6311,11.6311,0,0
Oct-20-2012,11.7399,11.7399,11.7399,11.7399,0,0
Oct-19-2012,11.7401,11.7401,11.7401,11.7401,0,0
Oct-18-2012,11.9398,11.9398,11.9398,11.9398,0,0
Oct-17-2012,11.81,11.81,11.81,11.81,0,0
Oct-16-2012,11.8499,11.8499,11.8499,11.8499,0,0
Oct-15-2012,11.8381,11.8381,11.8381,11.8381,0,0
Oct-14-2012,11.7389,11.7389,11.7389,11.7389,0,0
Oct-13-2012,11.861,11.861,11.861,11.861,0,0
Oct-12-2012,12,12,12,12,0,0
Oct-11-2012,12.03,12.03,12.03,12.03,0,0
Oct-10-2012,12.12,12.12,12.12,12.12,0,0
Oct-09-2012,11.895,11.895,11.895,11.895,0,0
Oct-08-2012,11.7781,11.7781,11.7781,11.7781,0,0
Oct-07-2012,11.8,11.8,11.8,11.8,0,0
Oct-06-2012,12.505,12.505,12.505,12.505,0,0
Oct-05-2012,12.688,12.688,12.688,12.688,0,0
Oct-04-2012,12.85,12.85,12.85,12.85,0,0
Oct-03-2012,12.89,12.89,12.89,12.89,0,0
Oct-02-2012,12.84,12.84,12.84,12.84,0,0
Oct-01-2012,12.4,12.4,12.4,12.4,0,0
Sep-30-2012,12.4,12.4,12.4,12.4,0,0
Sep-29-2012,12.3631,12.3631,12.3631,12.3631,0,0
Sep-28-2012,12.391,12.391,12.391,12.391,0,0
Sep-27-2012,12.3089,12.3089,12.3089,12.3089,0,0
Sep-26-2012,12.27,12.27,12.27,12.27,0,0
Sep-25-2012,12.197,12.197,12.197,12.197,0,0
Sep-24-2012,12.1,12.1,12.1,12.1,0,0
Sep-23-2012,12.1933,12.1933,12.1933,12.1933,0,0
Sep-22-2012,12.2378,12.2378,12.2378,12.2378,0,0
Sep-21-2012,12.368,12.368,12.368,12.368,0,0
Sep-20-2012,12.2825,12.2825,12.2825,12.2825,0,0
Sep-19-2012,12.5725,12.5725,12.5725,12.5725,0,0
Sep-18-2012,12.25,12.25,12.25,12.25,0,0
Sep-17-2012,11.89,11.89,11.89,11.89,0,0
Sep-16-2012,11.87,11.87,11.87,11.87,0,0
Sep-15-2012,11.75,11.75,11.75,11.75,0,0
Sep-14-2012,11.67,11.67,11.67,11.67,0,0
Sep-13-2012,11.399,11.399,11.399,11.399,0,0
Sep-12-2012,11.3649,11.3649,11.3649,11.3649,0,0
Sep-11-2012,11.3308,11.3308,11.3308,11.3308,0,0
Sep-10-2012,11.17,11.17,11.17,11.17,0,0
Sep-09-2012,11.02,11.02,11.02,11.02,0,0
Sep-08-2012,11.037,11.037,11.037,11.037,0,0
Sep-07-2012,11,11,11,11,0,0
Sep-06-2012,11.181,11.181,11.181,11.181,0,0
Sep-05-2012,10.9997,10.9997,10.9997,10.9997,0,0
Sep-04-2012,10.3847,10.3847,10.3847,10.3847,0,0
Sep-03-2012,10.53,10.53,10.53,10.53,0,0
Sep-02-2012,10.2041,10.2041,10.2041,10.2041,0,0
Sep-01-2012,9.9654,9.9654,9.9654,9.9654,0,0
Aug-31-2012,10.16,10.16,10.16,10.16,0,0
Aug-30-2012,10.777,10.777,10.777,10.777,0,0
Aug-29-2012,10.9169,10.9169,10.9169,10.9169,0,0
Aug-28-2012,10.94,10.94,10.94,10.94,0,0
Aug-27-2012,10.95,10.95,10.95,10.95,0,0
Aug-26-2012,10.61,10.61,10.61,10.61,0,0
Aug-25-2012,10.5239,10.5239,10.5239,10.5239,0,0
Aug-24-2012,10.6,10.6,10.6,10.6,0,0
Aug-23-2012,10.1,10.1,10.1,10.1,0,0
Aug-22-2012,9.8068,9.8068,9.8068,9.8068,0,0
Aug-21-2012,9.915,9.915,9.915,9.915,0,0
Aug-20-2012,10.1,10.1,10.1,10.1,0,0
Aug-19-2012,8,8,8,8,0,0
Aug-18-2012,11.61,11.61,11.61,11.61,0,0
Aug-17-2012,11.5836,11.5836,11.5836,11.5836,0,0
Aug-16-2012,13.5,13.5,13.5,13.5,0,0
Aug-15-2012,13.25,13.25,13.25,13.25,0,0
Aug-14-2012,12.19,12.19,12.19,12.19,0,0
Aug-13-2012,12.0375,12.0375,12.0375,12.0375,0,0
Aug-12-2012,11.624,11.624,11.624,11.624,0,0
Aug-11-2012,11.5102,11.5102,11.5102,11.5102,0,0
Aug-10-2012,11.3864,11.3864,11.3864,11.3864,0,0
Aug-09-2012,11.0611,11.0611,11.0611,11.0611,0,0
Aug-08-2012,11.0553,11.0553,11.0553,11.0553,0,0
Aug-07-2012,11.1,11.1,11.1,11.1,0,0
Aug-06-2012,10.8552,10.8552,10.8552,10.8552,0,0
Aug-05-2012,10.87,10.87,10.87,10.87,0,0
Aug-04-2012,10.984,10.984,10.984,10.984,0,0
Aug-03-2012,10.97,10.97,10.97,10.97,0,0
Aug-02-2012,10.53,10.53,10.53,10.53,0,0
Aug-01-2012,9.5503,9.5503,9.5503,9.5503,0,0
Jul-31-2012,9.35,9.35,9.35,9.35,0,0
Jul-30-2012,9.098,9.098,9.098,9.098,0,0
Jul-29-2012,8.7103,8.7103,8.7103,8.7103,0,0
Jul-28-2012,8.8881,8.8881,8.8881,8.8881,0,0
Jul-27-2012,8.9,8.9,8.9,8.9,0,0
Jul-26-2012,8.9,8.9,8.9,8.9,0,0
Jul-25-2012,8.8,8.8,8.8,8.8,0,0
Jul-24-2012,8.6,8.6,8.6,8.6,0,0
Jul-23-2012,8.4457,8.4457,8.4457,8.4457,0,0
Jul-22-2012,8.4096,8.4096,8.4096,8.4096,0,0
Jul-21-2012,8.8455,8.8455,8.8455,8.8455,0,0
Jul-20-2012,8.52,8.52,8.52,8.52,0,0
Jul-19-2012,8.87,8.87,8.87,8.87,0,0
Jul-18-2012,9.1098,9.1098,9.1098,9.1098,0,0
Jul-17-2012,8.8,8.8,8.8,8.8,0,0
Jul-16-2012,8.4996,8.4996,8.4996,8.4996,0,0
Jul-15-2012,7.621,7.621,7.621,7.621,0,0
Jul-14-2012,7.5421,7.5421,7.5421,7.5421,0,0
Jul-13-2012,7.6651,7.6651,7.6651,7.6651,0,0
Jul-12-2012,7.7644,7.7644,7.7644,7.7644,0,0
Jul-11-2012,7.15,7.15,7.15,7.15,0,0
Jul-10-2012,7.1999,7.1999,7.1999,7.1999,0,0
Jul-09-2012,7.0215,7.0215,7.0215,7.0215,0,0
Jul-08-2012,6.799,6.799,6.799,6.799,0,0
Jul-07-2012,6.7621,6.7621,6.7621,6.7621,0,0
Jul-06-2012,6.6481,6.6481,6.6481,6.6481,0,0
Jul-05-2012,6.67,6.67,6.67,6.67,0,0
Jul-04-2012,6.5101,6.5101,6.5101,6.5101,0,0
Jul-03-2012,6.4499,6.4499,6.4499,6.4499,0,0
Jul-02-2012,6.76,6.76,6.76,6.76,0,0
Jul-01-2012,6.629,6.629,6.629,6.629,0,0
Jun-30-2012,6.69,6.69,6.69,6.69,0,0
Jun-29-2012,6.65,6.65,6.65,6.65,0,0
Jun-28-2012,6.6059,6.6059,6.6059,6.6059,0,0
Jun-27-2012,6.647,6.647,6.647,6.647,0,0
Jun-26-2012,6.4195,6.4195,6.4195,6.4195,0,0
Jun-25-2012,6.3048,6.3048,6.3048,6.3048,0,0
Jun-24-2012,6.35,6.35,6.35,6.35,0,0
Jun-23-2012,6.4285,6.4285,6.4285,6.4285,0,0
Jun-22-2012,6.5478,6.5478,6.5478,6.5478,0,0
Jun-21-2012,6.6801,6.6801,6.6801,6.6801,0,0
Jun-20-2012,6.67,6.67,6.67,6.67,0,0
Jun-19-2012,6.4988,6.4988,6.4988,6.4988,0,0
Jun-18-2012,6.31,6.31,6.31,6.31,0,0
Jun-17-2012,6.1638,6.1638,6.1638,6.1638,0,0
Jun-16-2012,6.4,6.4,6.4,6.4,0,0
Jun-15-2012,6.5,6.5,6.5,6.5,0,0
Jun-14-2012,5.9541,5.9541,5.9541,5.9541,0,0
Jun-13-2012,5.929,5.929,5.929,5.929,0,0
Jun-12-2012,5.7,5.7,5.7,5.7,0,0
Jun-11-2012,5.5747,5.5747,5.5747,5.5747,0,0
Jun-10-2012,5.4683,5.4683,5.4683,5.4683,0,0
Jun-09-2012,5.56,5.56,5.56,5.56,0,0
Jun-08-2012,5.633,5.633,5.633,5.633,0,0
Jun-07-2012,5.591,5.591,5.591,5.591,0,0
Jun-06-2012,5.46,5.46,5.46,5.46,0,0
Jun-05-2012,5.44,5.44,5.44,5.44,0,0
Jun-04-2012,5.266,5.266,5.266,5.266,0,0
Jun-03-2012,5.2051,5.2051,5.2051,5.2051,0,0
Jun-02-2012,5.249,5.249,5.249,5.249,0,0
Jun-01-2012,5.2748,5.2748,5.2748,5.2748,0,0
May-31-2012,5.1801,5.1801,5.1801,5.1801,0,0
May-30-2012,5.135,5.135,5.135,5.135,0,0
May-29-2012,5.15,5.15,5.15,5.15,0,0
May-28-2012,5.1358,5.1358,5.1358,5.1358,0,0
May-27-2012,5.139,5.139,5.139,5.139,0,0
May-26-2012,5.1032,5.1032,5.1032,5.1032,0,0
May-25-2012,5.1455,5.1455,5.1455,5.1455,0,0
May-24-2012,5.119,5.119,5.119,5.119,0,0
May-23-2012,5.1397,5.1397,5.1397,5.1397,0,0
May-22-2012,5.0988,5.0988,5.0988,5.0988,0,0
May-21-2012,5.0998,5.0998,5.0998,5.0998,0,0
May-20-2012,5.09,5.09,5.09,5.09,0,0
May-19-2012,5.0995,5.0995,5.0995,5.0995,0,0
May-18-2012,5.118,5.118,5.118,5.118,0,0
May-17-2012,5.0998,5.0998,5.0998,5.0998,0,0
May-16-2012,5.0887,5.0887,5.0887,5.0887,0,0
May-15-2012,5.035,5.035,5.035,5.035,0,0
May-14-2012,5.0059,5.0059,5.0059,5.0059,0,0
May-13-2012,4.93,4.93,4.93,4.93,0,0
May-12-2012,4.9462,4.9462,4.9462,4.9462,0,0
May-11-2012,4.96,4.96,4.96,4.96,0,0
May-10-2012,4.85,4.85,4.85,4.85,0,0
May-09-2012,5.0437,5.0437,5.0437,5.0437,0,0
May-08-2012,5.05,5.05,5.05,5.05,0,0
May-07-2012,5.06,5.06,5.06,5.06,0,0
May-06-2012,5.0499,5.0499,5.0499,5.0499,0,0
May-05-2012,5.077,5.077,5.077,5.077,0,0
May-04-2012,5.067,5.067,5.067,5.067,0,0
May-03-2012,5.1344,5.1344,5.1344,5.1344,0,0
May-02-2012,5.0737,5.0737,5.0737,5.0737,0,0
May-01-2012,5,5,5,5,0,0
Apr-30-2012,4.9491,4.9491,4.9491,4.9491,0,0
Apr-29-2012,4.9044,4.9044,4.9044,4.9044,0,0
Apr-28-2012,4.9794,4.9794,4.9794,4.9794,0,0
Apr-27-2012,5.1095,5.1095,5.1095,5.1095,0,0
Apr-26-2012,5.0976,5.0976,5.0976,5.0976,0,0
Apr-25-2012,5.1318,5.1318,5.1318,5.1318,0,0
Apr-24-2012,5.0982,5.0982,5.0982,5.0982,0,0
Apr-23-2012,4.96,4.96,4.96,4.96,0,0
Apr-22-2012,5.2035,5.2035,5.2035,5.2035,0,0
Apr-21-2012,5.2601,5.2601,5.2601,5.2601,0,0
Apr-20-2012,5.35,5.35,5.35,5.35,0,0
Apr-19-2012,5.1377,5.1377,5.1377,5.1377,0,0
Apr-18-2012,5.1178,5.1178,5.1178,5.1178,0,0
Apr-17-2012,4.9759,4.9759,4.9759,4.9759,0,0
Apr-16-2012,4.932,4.932,4.932,4.932,0,0
Apr-15-2012,4.9689,4.9689,4.9689,4.9689,0,0
Apr-14-2012,4.9597,4.9597,4.9597,4.9597,0,0
Apr-13-2012,4.94,4.94,4.94,4.94,0,0
Apr-12-2012,4.9197,4.9197,4.9197,4.9197,0,0
Apr-11-2012,4.9279,4.9279,4.9279,4.9279,0,0
Apr-10-2012,4.8367,4.8367,4.8367,4.8367,0,0
Apr-09-2012,4.8719,4.8719,4.8719,4.8719,0,0
Apr-08-2012,4.7925,4.7925,4.7925,4.7925,0,0
Apr-07-2012,4.6872,4.6872,4.6872,4.6872,0,0
Apr-06-2012,4.9499,4.9499,4.9499,4.9499,0,0
Apr-05-2012,4.919,4.919,4.919,4.919,0,0
Apr-04-2012,4.9101,4.9101,4.9101,4.9101,0,0
Apr-03-2012,4.952,4.952,4.952,4.952,0,0
Apr-02-2012,4.974,4.974,4.974,4.974,0,0
Apr-01-2012,4.827,4.827,4.827,4.827,0,0
Mar-31-2012,4.9087,4.9087,4.9087,4.9087,0,0
Mar-30-2012,4.86,4.86,4.86,4.86,0,0
Mar-29-2012,4.8084,4.8084,4.8084,4.8084,0,0
Mar-28-2012,4.788,4.788,4.788,4.788,0,0
Mar-27-2012,4.8113,4.8113,4.8113,4.8113,0,0
Mar-26-2012,4.6191,4.6191,4.6191,4.6191,0,0
Mar-25-2012,4.55,4.55,4.55,4.55,0,0
Mar-24-2012,4.676,4.676,4.676,4.676,0,0
Mar-23-2012,4.686,4.686,4.686,4.686,0,0
Mar-22-2012,4.7043,4.7043,4.7043,4.7043,0,0
Mar-21-2012,4.8149,4.8149,4.8149,4.8149,0,0
Mar-20-2012,4.8379,4.8379,4.8379,4.8379,0,0
Mar-19-2012,4.6939,4.6939,4.6939,4.6939,0,0
Mar-18-2012,5.2794,5.2794,5.2794,5.2794,0,0
Mar-17-2012,5.2159,5.2159,5.2159,5.2159,0,0
Mar-16-2012,5.3439,5.3439,5.3439,5.3439,0,0
Mar-15-2012,5.3266,5.3266,5.3266,5.3266,0,0
Mar-14-2012,5.38,5.38,5.38,5.38,0,0
Mar-13-2012,5.27,5.27,5.27,5.27,0,0
Mar-12-2012,4.8901,4.8901,4.8901,4.8901,0,0
Mar-11-2012,4.91,4.91,4.91,4.91,0,0
Mar-10-2012,4.8332,4.8332,4.8332,4.8332,0,0
Mar-09-2012,4.8611,4.8611,4.8611,4.8611,0,0
Mar-08-2012,4.9302,4.9302,4.9302,4.9302,0,0
Mar-07-2012,4.9375,4.9375,4.9375,4.9375,0,0
Mar-06-2012,4.9901,4.9901,4.9901,4.9901,0,0
Mar-05-2012,4.9843,4.9843,4.9843,4.9843,0,0
Mar-04-2012,4.82,4.82,4.82,4.82,0,0
Mar-03-2012,4.6144,4.6144,4.6144,4.6144,0,0
Mar-02-2012,4.705,4.705,4.705,4.705,0,0
Mar-01-2012,4.9213,4.9213,4.9213,4.9213,0,0
Feb-29-2012,4.86,4.86,4.86,4.86,0,0
Feb-28-2012,4.868,4.868,4.868,4.868,0,0
Feb-27-2012,4.956,4.956,4.956,4.956,0,0
Feb-26-2012,4.922,4.922,4.922,4.922,0,0
Feb-25-2012,4.773,4.773,4.773,4.773,0,0
Feb-24-2012,5.0288,5.0288,5.0288,5.0288,0,0
Feb-23-2012,5.015,5.015,5.015,5.015,0,0
Feb-22-2012,4.4247,4.4247,4.4247,4.4247,0,0
Feb-21-2012,4.272,4.272,4.272,4.272,0,0
Feb-20-2012,4.3615,4.3615,4.3615,4.3615,0,0
Feb-19-2012,4.3867,4.3867,4.3867,4.3867,0,0
Feb-18-2012,4.222,4.222,4.222,4.222,0,0
Feb-17-2012,4.41,4.41,4.41,4.41,0,0
Feb-16-2012,4.2739,4.2739,4.2739,4.2739,0,0
Feb-15-2012,4.3251,4.3251,4.3251,4.3251,0,0
Feb-14-2012,4.4629,4.4629,4.4629,4.4629,0,0
Feb-13-2012,5.26,5.26,5.26,5.26,0,0
Feb-12-2012,5.5147,5.5147,5.5147,5.5147,0,0
Feb-11-2012,5.6005,5.6005,5.6005,5.6005,0,0
Feb-10-2012,5.9126,5.9126,5.9126,5.9126,0,0
Feb-09-2012,5.83,5.83,5.83,5.83,0,0
Feb-08-2012,5.6,5.6,5.6,5.6,0,0
Feb-07-2012,5.69,5.69,5.69,5.69,0,0
Feb-06-2012,5.4535,5.4535,5.4535,5.4535,0,0
Feb-05-2012,5.6888,5.6888,5.6888,5.6888,0,0
Feb-04-2012,5.8734,5.8734,5.8734,5.8734,0,0
Feb-03-2012,5.9593,5.9593,5.9593,5.9593,0,0
Feb-02-2012,6.1,6.1,6.1,6.1,0,0
Feb-01-2012,6.0756,6.0756,6.0756,6.0756,0,0
Jan-31-2012,5.4838,5.4838,5.4838,5.4838,0,0
Jan-30-2012,5.4905,5.4905,5.4905,5.4905,0,0
Jan-29-2012,5.3809,5.3809,5.3809,5.3809,0,0
Jan-28-2012,5.6267,5.6267,5.6267,5.6267,0,0
Jan-27-2012,5.292,5.292,5.292,5.292,0,0
Jan-26-2012,5.34,5.34,5.34,5.34,0,0
Jan-25-2012,5.75,5.75,5.75,5.75,0,0
Jan-24-2012,6.2898,6.2898,6.2898,6.2898,0,0
Jan-23-2012,6.356,6.356,6.356,6.356,0,0
Jan-22-2012,6.3097,6.3097,6.3097,6.3097,0,0
Jan-21-2012,6.18,6.18,6.18,6.18,0,0
Jan-20-2012,6.4898,6.4898,6.4898,6.4898,0,0
Jan-19-2012,6.3598,6.3598,6.3598,6.3598,0,0
Jan-18-2012,5.92,5.92,5.92,5.92,0,0
Jan-17-2012,5.6,5.6,5.6,5.6,0,0
Jan-16-2012,6.6825,6.6825,6.6825,6.6825,0,0
Jan-15-2012,7.0018,7.0018,7.0018,7.0018,0,0
Jan-14-2012,6.75,6.75,6.75,6.75,0,0
Jan-13-2012,6.41,6.41,6.41,6.41,0,0
Jan-12-2012,6.8,6.8,6.8,6.8,0,0
Jan-11-2012,6.9,6.9,6.9,6.9,0,0
Jan-10-2012,6.36,6.36,6.36,6.36,0,0
Jan-09-2012,6.3257,6.3257,6.3257,6.3257,0,0
Jan-08-2012,7.1136,7.1136,7.1136,7.1136,0,0
Jan-07-2012,6.81,6.81,6.81,6.81,0,0
Jan-06-2012,6.6969,6.6969,6.6969,6.6969,0,0
Jan-05-2012,6.9476,6.9476,6.9476,6.9476,0,0
Jan-04-2012,5.5738,5.5738,5.5738,5.5738,0,0
Jan-03-2012,4.8808,4.8808,4.8808,4.8808,0,0
Jan-02-2012,5.2168,5.2168,5.2168,5.2168,0,0
Jan-01-2012,5.2677,5.2677,5.2677,5.2677,0,0
Dec-31-2011,4.722,4.722,4.722,4.722,0,0
Dec-30-2011,4.248,4.248,4.248,4.248,0,0
Dec-29-2011,4.166,4.166,4.166,4.166,0,0
Dec-28-2011,4.1855,4.1855,4.1855,4.1855,0,0
Dec-27-2011,4.07,4.07,4.07,4.07,0,0
Dec-26-2011,4.018,4.018,4.018,4.018,0,0
Dec-25-2011,4.225,4.225,4.225,4.225,0,0
Dec-24-2011,3.94,3.94,3.94,3.94,0,0
Dec-23-2011,3.9468,3.9468,3.9468,3.9468,0,0
Dec-22-2011,3.8901,3.8901,3.8901,3.8901,0,0
Dec-21-2011,3.89,3.89,3.89,3.89,0,0
Dec-20-2011,3.95,3.95,3.95,3.95,0,0
Dec-19-2011,3.5202,3.5202,3.5202,3.5202,0,0
Dec-18-2011,3.193,3.193,3.193,3.193,0,0
Dec-17-2011,3.2001,3.2001,3.2001,3.2001,0,0
Dec-16-2011,3.2,3.2,3.2,3.2,0,0
Dec-15-2011,3.2,3.2,3.2,3.2,0,0
Dec-14-2011,3.15,3.15,3.15,3.15,0,0
Dec-13-2011,3.2499,3.2499,3.2499,3.2499,0,0
Dec-12-2011,3.135,3.135,3.135,3.135,0,0
Dec-11-2011,3.2511,3.2511,3.2511,3.2511,0,0
Dec-10-2011,3.05,3.05,3.05,3.05,0,0
Dec-09-2011,2.97,2.97,2.97,2.97,0,0
Dec-08-2011,2.98,2.98,2.98,2.98,0,0
Dec-07-2011,2.99,2.99,2.99,2.99,0,0
Dec-06-2011,3.03,3.03,3.03,3.03,0,0
Dec-05-2011,2.8798,2.8798,2.8798,2.8798,0,0
Dec-04-2011,2.8281,2.8281,2.8281,2.8281,0,0
Dec-03-2011,2.794,2.794,2.794,2.794,0,0
Dec-02-2011,3.1151,3.1151,3.1151,3.1151,0,0
Dec-01-2011,3.06,3.06,3.06,3.06,0,0
Nov-30-2011,2.9701,2.9701,2.9701,2.9701,0,0
Nov-29-2011,2.7502,2.7502,2.7502,2.7502,0,0
Nov-28-2011,2.55,2.55,2.55,2.55,0,0
Nov-27-2011,2.4799,2.4799,2.4799,2.4799,0,0
Nov-26-2011,2.47,2.47,2.47,2.47,0,0
Nov-25-2011,2.5061,2.5061,2.5061,2.5061,0,0
Nov-24-2011,2.4321,2.4321,2.4321,2.4321,0,0
Nov-23-2011,2.3321,2.3321,2.3321,2.3321,0,0
Nov-22-2011,2.3289,2.3289,2.3289,2.3289,0,0
Nov-21-2011,2.294,2.294,2.294,2.294,0,0
Nov-20-2011,2.2,2.2,2.2,2.2,0,0
Nov-19-2011,2.1959,2.1959,2.1959,2.1959,0,0
Nov-18-2011,2.05,2.05,2.05,2.05,0,0
Nov-17-2011,2.25,2.25,2.25,2.25,0,0
Nov-16-2011,2.5604,2.5604,2.5604,2.5604,0,0
Nov-15-2011,2.329,2.329,2.329,2.329,0,0
Nov-14-2011,2.22,2.22,2.22,2.22,0,0
Nov-13-2011,2.9969,2.9969,2.9969,2.9969,0,0
Nov-12-2011,3.031,3.031,3.031,3.031,0,0
Nov-11-2011,3.08,3.08,3.08,3.08,0,0
Nov-10-2011,2.8399,2.8399,2.8399,2.8399,0,0
Nov-09-2011,2.95,2.95,2.95,2.95,0,0
Nov-08-2011,3.035,3.035,3.035,3.035,0,0
Nov-07-2011,3.0068,3.0068,3.0068,3.0068,0,0
Nov-06-2011,2.9596,2.9596,2.9596,2.9596,0,0
Nov-05-2011,2.97,2.97,2.97,2.97,0,0
Nov-04-2011,3.109,3.109,3.109,3.109,0,0
Nov-03-2011,3.152,3.152,3.152,3.152,0,0
Nov-02-2011,3.2543,3.2543,3.2543,3.2543,0,0
Nov-01-2011,3.15,3.15,3.15,3.15,0,0
Oct-31-2011,3.248,3.248,3.248,3.248,0,0
Oct-30-2011,3.27,3.27,3.27,3.27,0,0
Oct-29-2011,3.5811,3.5811,3.5811,3.5811,0,0
Oct-28-2011,3.19,3.19,3.19,3.19,0,0
Oct-27-2011,3.04,3.04,3.04,3.04,0,0
Oct-26-2011,2.773,2.773,2.773,2.773,0,0
Oct-25-2011,2.77,2.77,2.77,2.77,0,0
Oct-24-2011,2.545,2.545,2.545,2.545,0,0
Oct-23-2011,3.17,3.17,3.17,3.17,0,0
Oct-22-2011,3.1588,3.1588,3.1588,3.1588,0,0
Oct-21-2011,2.57,2.57,2.57,2.57,0,0
Oct-20-2011,2.348,2.348,2.348,2.348,0,0
Oct-19-2011,2.27,2.27,2.27,2.27,0,0
Oct-18-2011,2.419,2.419,2.419,2.419,0,0
Oct-17-2011,2.56,2.56,2.56,2.56,0,0
Oct-16-2011,3.557,3.557,3.557,3.557,0,0
Oct-15-2011,3.8421,3.8421,3.8421,3.8421,0,0
Oct-14-2011,3.9879,3.9879,3.9879,3.9879,0,0
Oct-13-2011,4.0462,4.0462,4.0462,4.0462,0,0
Oct-12-2011,4.15,4.15,4.15,4.15,0,0
Oct-11-2011,3.9308,3.9308,3.9308,3.9308,0,0
Oct-10-2011,4.1,4.1,4.1,4.1,0,0
Oct-09-2011,4.1029,4.1029,4.1029,4.1029,0,0
Oct-08-2011,4.0075,4.0075,4.0075,4.0075,0,0
Oct-07-2011,4.2728,4.2728,4.2728,4.2728,0,0
Oct-06-2011,4.7344,4.7344,4.7344,4.7344,0,0
Oct-05-2011,4.87,4.87,4.87,4.87,0,0
Oct-04-2011,4.96,4.96,4.96,4.96,0,0
Oct-03-2011,5.024,5.024,5.024,5.024,0,0
Oct-02-2011,5.027,5.027,5.027,5.027,0,0
Oct-01-2011,5.0324,5.0324,5.0324,5.0324,0,0
Sep-30-2011,5.1401,5.1401,5.1401,5.1401,0,0
Sep-29-2011,4.7794,4.7794,4.7794,4.7794,0,0
Sep-28-2011,4.7725,4.7725,4.7725,4.7725,0,0
Sep-27-2011,4.9156,4.9156,4.9156,4.9156,0,0
Sep-26-2011,4.8697,4.8697,4.8697,4.8697,0,0
Sep-25-2011,5.33,5.33,5.33,5.33,0,0
Sep-24-2011,5.4683,5.4683,5.4683,5.4683,0,0
Sep-23-2011,5.5451,5.5451,5.5451,5.5451,0,0
Sep-22-2011,5.4278,5.4278,5.4278,5.4278,0,0
Sep-21-2011,5.6114,5.6114,5.6114,5.6114,0,0
Sep-20-2011,6.1119,6.1119,6.1119,6.1119,0,0
Sep-19-2011,5.46,5.46,5.46,5.46,0,0
Sep-18-2011,5.2,5.2,5.2,5.2,0,0
Sep-17-2011,4.77,4.77,4.77,4.77,0,0
Sep-16-2011,4.82,4.82,4.82,4.82,0,0
Sep-15-2011,4.84,4.84,4.84,4.84,0,0
Sep-14-2011,5.6193,5.6193,5.6193,5.6193,0,0
Sep-13-2011,5.8,5.8,5.8,5.8,0,0
Sep-12-2011,6.078,6.078,6.078,6.078,0,0
Sep-11-2011,5.8644,5.8644,5.8644,5.8644,0,0
Sep-10-2011,4.7739,4.7739,4.7739,4.7739,0,0
Sep-09-2011,5.03,5.03,5.03,5.03,0,0
Sep-08-2011,6.53,6.53,6.53,6.53,0,0
Sep-07-2011,7.1864,7.1864,7.1864,7.1864,0,0
Sep-06-2011,6.8628,6.8628,6.8628,6.8628,0,0
Sep-05-2011,7.611,7.611,7.611,7.611,0,0
Sep-04-2011,8.178,8.178,8.178,8.178,0,0
Sep-03-2011,8.48,8.48,8.48,8.48,0,0
Sep-02-2011,8.64,8.64,8.64,8.64,0,0
Sep-01-2011,8.21,8.21,8.21,8.21,0,0
Aug-31-2011,8.1995,8.1995,8.1995,8.1995,0,0
Aug-30-2011,8.7913,8.7913,8.7913,8.7913,0,0
Aug-29-2011,8.969,8.969,8.969,8.969,0,0
Aug-28-2011,9.0701,9.0701,9.0701,9.0701,0,0
Aug-27-2011,8.5902,8.5902,8.5902,8.5902,0,0
Aug-26-2011,8.1794,8.1794,8.1794,8.1794,0,0
Aug-25-2011,9.657,9.657,9.657,9.657,0,0
Aug-24-2011,10.8506,10.8506,10.8506,10.8506,0,0
Aug-23-2011,10.94,10.94,10.94,10.94,0,0
Aug-22-2011,10.895,10.895,10.895,10.895,0,0
Aug-21-2011,11.3113,11.3113,11.3113,11.3113,0,0
Aug-20-2011,11.453,11.453,11.453,11.453,0,0
Aug-19-2011,11.65,11.65,11.65,11.65,0,0
Aug-18-2011,10.83,10.83,10.83,10.83,0,0
Aug-17-2011,10.9456,10.9456,10.9456,10.9456,0,0
Aug-16-2011,10.9641,10.9641,10.9641,10.9641,0,0
Aug-15-2011,11.1498,11.1498,11.1498,11.1498,0,0
Aug-14-2011,10.7957,10.7957,10.7957,10.7957,0,0
Aug-13-2011,10.131,10.131,10.131,10.131,0,0
Aug-12-2011,9.4605,9.4605,9.4605,9.4605,0,0
Aug-11-2011,9.4625,9.4625,9.4625,9.4625,0,0
Aug-10-2011,9.98,9.98,9.98,9.98,0,0
Aug-09-2011,9.99,9.99,9.99,9.99,0,0
Aug-08-2011,7.7999,7.7999,7.7999,7.7999,0,0
Aug-07-2011,7.9,7.9,7.9,7.9,0,0
Aug-06-2011,6.55,6.55,6.55,6.55,0,0
Aug-05-2011,9.7999,9.7999,9.7999,9.7999,0,0
Aug-04-2011,10.75,10.75,10.75,10.75,0,0
Aug-03-2011,9.26,9.26,9.26,9.26,0,0
Aug-02-2011,12.05,12.05,12.05,12.05,0,0
Aug-01-2011,13.0946,13.0946,13.0946,13.0946,0,0
Jul-31-2011,13.35,13.35,13.35,13.35,0,0
Jul-30-2011,13.5303,13.5303,13.5303,13.5303,0,0
Jul-29-2011,13.4983,13.4983,13.4983,13.4983,0,0
Jul-28-2011,13.4901,13.4901,13.4901,13.4901,0,0
Jul-27-2011,13.9394,13.9394,13.9394,13.9394,0,0
Jul-26-2011,13.8821,13.8821,13.8821,13.8821,0,0
Jul-25-2011,14.0478,14.0478,14.0478,14.0478,0,0
Jul-24-2011,13.98,13.98,13.98,13.98,0,0
Jul-23-2011,13.68,13.68,13.68,13.68,0,0
Jul-22-2011,13.6954,13.6954,13.6954,13.6954,0,0
Jul-21-2011,13.61,13.61,13.61,13.61,0,0
Jul-20-2011,13.6894,13.6894,13.6894,13.6894,0,0
Jul-19-2011,13.8502,13.8502,13.8502,13.8502,0,0
Jul-18-2011,13.48,13.48,13.48,13.48,0,0
Jul-17-2011,13.16,13.16,13.16,13.16,0,0
Jul-16-2011,13.7191,13.7191,13.7191,13.7191,0,0
Jul-15-2011,13.81,13.81,13.81,13.81,0,0
Jul-14-2011,13.99,13.99,13.99,13.99,0,0
Jul-13-2011,13.951,13.951,13.951,13.951,0,0
Jul-12-2011,14.0094,14.0094,14.0094,14.0094,0,0
Jul-11-2011,14.2091,14.2091,14.2091,14.2091,0,0
Jul-10-2011,14.9,14.9,14.9,14.9,0,0
Jul-09-2011,14.38,14.38,14.38,14.38,0,0
Jul-08-2011,14.314,14.314,14.314,14.314,0,0
Jul-07-2011,14.7761,14.7761,14.7761,14.7761,0,0
Jul-06-2011,14.7835,14.7835,14.7835,14.7835,0,0
Jul-05-2011,12.9069,12.9069,12.9069,12.9069,0,0
Jul-04-2011,13.86,13.86,13.86,13.86,0,0
Jul-03-2011,15.4405,15.4405,15.4405,15.4405,0,0
Jul-02-2011,15.4,15.4,15.4,15.4,0,0
Jul-01-2011,15.397,15.397,15.397,15.397,0,0
Jun-30-2011,16.101,16.101,16.101,16.101,0,0
Jun-29-2011,16.845,16.845,16.845,16.845,0,0
Jun-28-2011,16.9498,16.9498,16.9498,16.9498,0,0
Jun-27-2011,16.75,16.75,16.75,16.75,0,0
Jun-26-2011,16.45,16.45,16.45,16.45,0,0
Jun-25-2011,17.51,17.51,17.51,17.51,0,0
Jun-24-2011,17.51,17.51,17.51,17.51,0,0
Jun-23-2011,17.51,17.51,17.51,17.51,0,0
Jun-22-2011,17.51,17.51,17.51,17.51,0,0
Jun-21-2011,17.51,17.51,17.51,17.51,0,0
Jun-20-2011,17.51,17.51,17.51,17.51,0,0
Jun-19-2011,17.51,17.51,17.51,17.51,0,0
Jun-18-2011,16.89,16.89,16.89,16.89,0,0
Jun-17-2011,15.681,15.681,15.681,15.681,0,0
Jun-16-2011,17,17,17,17,0,0
Jun-15-2011,19.49,19.49,19.49,19.49,0,0
Jun-14-2011,19.28,19.28,19.28,19.28,0,0
Jun-13-2011,19.84,19.84,19.84,19.84,0,0
Jun-12-2011,18.5464,18.5464,18.5464,18.5464,0,0
Jun-11-2011,14.6511,14.6511,14.6511,14.6511,0,0
Jun-10-2011,23.9497,23.9497,23.9497,23.9497,0,0
Jun-09-2011,28.919,28.919,28.919,28.919,0,0
Jun-08-2011,29.6,29.6,29.6,29.6,0,0
Jun-07-2011,23.9234,23.9234,23.9234,23.9234,0,0
Jun-06-2011,18.5499,18.5499,18.5499,18.5499,0,0
Jun-05-2011,16.7,16.7,16.7,16.7,0,0
Jun-04-2011,18.89,18.89,18.89,18.89,0,0
Jun-03-2011,14.29,14.29,14.29,14.29,0,0
Jun-02-2011,10.6,10.6,10.6,10.6,0,0
Jun-01-2011,9.57,9.57,9.57,9.57,0,0
May-31-2011,8.741,8.741,8.741,8.741,0,0
May-30-2011,8.8,8.8,8.8,8.8,0,0
May-29-2011,8.4299,8.4299,8.4299,8.4299,0,0
May-28-2011,8.3001,8.3001,8.3001,8.3001,0,0
May-27-2011,8.5002,8.5002,8.5002,8.5002,0,0
May-26-2011,8.798,8.798,8.798,8.798,0,0
May-25-2011,8.3997,8.3997,8.3997,8.3997,0,0
May-24-2011,7.42,7.42,7.42,7.42,0,0
May-23-2011,7.1499,7.1499,7.1499,7.1499,0,0
May-22-2011,6.6901,6.6901,6.6901,6.6901,0,0
May-21-2011,6.1197,6.1197,6.1197,6.1197,0,0
May-20-2011,5.5904,5.5904,5.5904,5.5904,0,0
May-19-2011,6.805,6.805,6.805,6.805,0,0
May-18-2011,6.88,6.88,6.88,6.88,0,0
May-17-2011,7.19,7.19,7.19,7.19,0,0
May-16-2011,8.0339,8.0339,8.0339,8.0339,0,0
May-15-2011,6.987,6.987,6.987,6.987,0,0
May-14-2011,7.1977,7.1977,7.1977,7.1977,0,0
May-13-2011,8.198,8.198,8.198,8.198,0,0
May-12-2011,6.3002,6.3002,6.3002,6.3002,0,0
May-11-2011,5.5,5.5,5.5,5.5,0,0
May-10-2011,5.81,5.81,5.81,5.81,0,0
May-09-2011,3.8,3.8,3.8,3.8,0,0
May-08-2011,3.8659,3.8659,3.8659,3.8659,0,0
May-07-2011,3.641,3.641,3.641,3.641,0,0
May-06-2011,3.45,3.45,3.45,3.45,0,0
May-05-2011,3.333,3.333,3.333,3.333,0,0
May-04-2011,3.4061,3.4061,3.4061,3.4061,0,0
May-03-2011,3.41,3.41,3.41,3.41,0,0
May-02-2011,3.2,3.2,3.2,3.2,0,0
May-01-2011,3.0331,3.0331,3.0331,3.0331,0,0
Apr-30-2011,3.5,3.5,3.5,3.5,0,0
Apr-29-2011,2.88,2.88,2.88,2.88,0,0
Apr-28-2011,2.2106,2.2106,2.2106,2.2106,0,0
Apr-27-2011,1.9,1.9,1.9,1.9,0,0
Apr-26-2011,1.7949,1.7949,1.7949,1.7949,0,0
Apr-25-2011,1.559,1.559,1.559,1.559,0,0
Apr-24-2011,1.6301,1.6301,1.6301,1.6301,0,0
Apr-23-2011,1.7001,1.7001,1.7001,1.7001,0,0
Apr-22-2011,1.409,1.409,1.409,1.409,0,0
Apr-21-2011,1.21,1.21,1.21,1.21,0,0
Apr-20-2011,1.1421,1.1421,1.1421,1.1421,0,0
Apr-19-2011,1.1979,1.1979,1.1979,1.1979,0,0
Apr-18-2011,1.162,1.162,1.162,1.162,0,0
Apr-17-2011,1.1123,1.1123,1.1123,1.1123,0,0
Apr-16-2011,1.0499,1.0499,1.0499,1.0499,0,0
Apr-15-2011,0.9899,0.9899,0.9899,0.9899,0,0
Apr-14-2011,1,1,1,1,0,0
Apr-13-2011,0.9225,0.9225,0.9225,0.9225,0,0
Apr-12-2011,0.86,0.86,0.86,0.86,0,0
Apr-11-2011,0.77,0.77,0.77,0.77,0,0
Apr-10-2011,0.7369,0.7369,0.7369,0.7369,0,0
Apr-09-2011,0.73,0.73,0.73,0.73,0,0
Apr-08-2011,0.75,0.75,0.75,0.75,0,0
Apr-07-2011,0.7538,0.7538,0.7538,0.7538,0,0
Apr-06-2011,0.74,0.74,0.74,0.74,0,0
Apr-05-2011,0.71,0.71,0.71,0.71,0,0
Apr-04-2011,0.68,0.68,0.68,0.68,0,0
Apr-03-2011,0.779,0.779,0.779,0.779,0,0
Apr-02-2011,0.782,0.782,0.782,0.782,0,0
Apr-01-2011,0.7741,0.7741,0.7741,0.7741,0,0
Mar-31-2011,0.7846,0.7846,0.7846,0.7846,0,0
Mar-30-2011,0.7897,0.7897,0.7897,0.7897,0,0
Mar-29-2011,0.7925,0.7925,0.7925,0.7925,0,0
Mar-28-2011,0.799,0.799,0.799,0.799,0,0
Mar-27-2011,0.82,0.82,0.82,0.82,0,0
Mar-26-2011,0.8552,0.8552,0.8552,0.8552,0,0
Mar-25-2011,0.8838,0.8838,0.8838,0.8838,0,0
Mar-24-2011,0.8669,0.8669,0.8669,0.8669,0,0
Mar-23-2011,0.8497,0.8497,0.8497,0.8497,0,0
Mar-22-2011,0.809,0.809,0.809,0.809,0,0
Mar-21-2011,0.759,0.759,0.759,0.759,0,0
Mar-20-2011,0.7411,0.7411,0.7411,0.7411,0,0
Mar-19-2011,0.765,0.765,0.765,0.765,0,0
Mar-18-2011,0.8165,0.8165,0.8165,0.8165,0,0
Mar-17-2011,0.8254,0.8254,0.8254,0.8254,0,0
Mar-16-2011,0.86,0.86,0.86,0.86,0,0
Mar-15-2011,0.87,0.87,0.87,0.87,0,0
Mar-14-2011,0.8949,0.8949,0.8949,0.8949,0,0
Mar-13-2011,0.8925,0.8925,0.8925,0.8925,0,0
Mar-12-2011,0.918,0.918,0.918,0.918,0,0
Mar-11-2011,0.88,0.88,0.88,0.88,0,0
Mar-10-2011,0.9329,0.9329,0.9329,0.9329,0,0
Mar-09-2011,0.8645,0.8645,0.8645,0.8645,0,0
Mar-08-2011,0.87,0.87,0.87,0.87,0,0
Mar-07-2011,0.885,0.885,0.885,0.885,0,0
Mar-06-2011,0.8999,0.8999,0.8999,0.8999,0,0
Mar-05-2011,0.9103,0.9103,0.9103,0.9103,0,0
Mar-04-2011,0.901,0.901,0.901,0.901,0,0
Mar-03-2011,0.9391,0.9391,0.9391,0.9391,0,0
Mar-02-2011,0.9399,0.9399,0.9399,0.9399,0,0
Mar-01-2011,0.9202,0.9202,0.9202,0.9202,0,0
Feb-28-2011,0.86,0.86,0.86,0.86,0,0
Feb-27-2011,0.89,0.89,0.89,0.89,0,0
Feb-26-2011,0.958,0.958,0.958,0.958,0,0
Feb-25-2011,0.9111,0.9111,0.9111,0.9111,0,0
Feb-24-2011,0.9974,0.9974,0.9974,0.9974,0,0
Feb-23-2011,0.9,0.9,0.9,0.9,0,0
Feb-22-2011,0.8702,0.8702,0.8702,0.8702,0,0
Feb-21-2011,0.8345,0.8345,0.8345,0.8345,0,0
Feb-20-2011,0.85,0.85,0.85,0.85,0,0
Feb-19-2011,0.949,0.949,0.949,0.949,0,0
Feb-18-2011,0.8989,0.8989,0.8989,0.8989,0,0
Feb-17-2011,1.04,1.04,1.04,1.04,0,0
Feb-16-2011,1.045,1.045,1.045,1.045,0,0
Feb-15-2011,1.05,1.05,1.05,1.05,0,0
Feb-14-2011,1.07,1.07,1.07,1.07,0,0
Feb-13-2011,1.05,1.05,1.05,1.05,0,0
Feb-12-2011,1.0799,1.0799,1.0799,1.0799,0,0
Feb-11-2011,1.07,1.07,1.07,1.07,0,0
Feb-10-2011,0.9803,0.9803,0.9803,0.9803,0,0
Feb-09-2011,1.09,1.09,1.09,1.09,0,0
Feb-08-2011,0.918,0.918,0.918,0.918,0,0
Feb-07-2011,0.89,0.89,0.89,0.89,0,0
Feb-06-2011,0.8997,0.8997,0.8997,0.8997,0,0
Feb-05-2011,0.92,0.92,0.92,0.92,0,0
Feb-04-2011,0.811,0.811,0.811,0.811,0,0
Feb-03-2011,0.69,0.69,0.69,0.69,0,0
Feb-02-2011,0.716,0.716,0.716,0.716,0,0
Feb-01-2011,0.7,0.7,0.7,0.7,0,0
Jan-31-2011,0.52,0.52,0.52,0.52,0,0
Jan-30-2011,0.4799,0.4799,0.4799,0.4799,0,0
Jan-29-2011,0.439,0.439,0.439,0.439,0,0
Jan-28-2011,0.446,0.446,0.446,0.446,0,0
Jan-27-2011,0.4212,0.4212,0.4212,0.4212,0,0
Jan-26-2011,0.417,0.417,0.417,0.417,0,0
Jan-25-2011,0.41,0.41,0.41,0.41,0,0
Jan-24-2011,0.4199,0.4199,0.4199,0.4199,0,0
Jan-23-2011,0.4424,0.4424,0.4424,0.4424,0,0
Jan-22-2011,0.4443,0.4443,0.4443,0.4443,0,0
Jan-21-2011,0.4199,0.4199,0.4199,0.4199,0,0
Jan-20-2011,0.39,0.39,0.39,0.39,0,0
Jan-19-2011,0.313,0.313,0.313,0.313,0,0
Jan-18-2011,0.313,0.313,0.313,0.313,0,0
Jan-17-2011,0.3495,0.3495,0.3495,0.3495,0,0
Jan-16-2011,0.3868,0.3868,0.3868,0.3868,0,0
Jan-15-2011,0.386,0.386,0.386,0.386,0,0
Jan-14-2011,0.4,0.4,0.4,0.4,0,0
Jan-13-2011,0.3176,0.3176,0.3176,0.3176,0,0
Jan-12-2011,0.3188,0.3188,0.3188,0.3188,0,0
Jan-11-2011,0.3266,0.3266,0.3266,0.3266,0,0
Jan-10-2011,0.3266,0.3266,0.3266,0.3266,0,0
Jan-09-2011,0.323,0.323,0.323,0.323,0,0
Jan-08-2011,0.3229,0.3229,0.3229,0.3229,0,0
Jan-07-2011,0.32,0.32,0.32,0.32,0,0
Jan-06-2011,0.298,0.298,0.298,0.298,0,0
Jan-05-2011,0.299,0.299,0.299,0.299,0,0
Jan-04-2011,0.299,0.299,0.299,0.299,0,0
Jan-03-2011,0.295,0.295,0.295,0.295,0,0
Jan-02-2011,0.3,0.3,0.3,0.3,0,0
Jan-01-2011,0.3,0.3,0.3,0.3,0,0
Dec-31-2010,0.3,0.3,0.3,0.3,0,0
Dec-30-2010,0.3,0.3,0.3,0.3,0,0
Dec-29-2010,0.3,0.3,0.3,0.3,0,0
Dec-28-2010,0.281,0.281,0.281,0.281,0,0
Dec-27-2010,0.265,0.265,0.265,0.265,0,0
Dec-26-2010,0.265,0.265,0.265,0.265,0,0
Dec-25-2010,0.2499,0.2499,0.2499,0.2499,0,0
Dec-24-2010,0.248,0.248,0.248,0.248,0,0
Dec-23-2010,0.25,0.25,0.25,0.25,0,0
Dec-22-2010,0.25,0.25,0.25,0.25,0,0
Dec-21-2010,0.24,0.24,0.24,0.24,0,0
Dec-20-2010,0.267,0.267,0.267,0.267,0,0
Dec-19-2010,0.2401,0.2401,0.2401,0.2401,0,0
Dec-18-2010,0.241,0.241,0.241,0.241,0,0
Dec-17-2010,0.24,0.24,0.24,0.24,0,0
Dec-16-2010,0.25,0.25,0.25,0.25,0,0
Dec-15-2010,0.238,0.238,0.238,0.238,0,0
Dec-14-2010,0.2467,0.2467,0.2467,0.2467,0,0
Dec-13-2010,0.2299,0.2299,0.2299,0.2299,0,0
Dec-12-2010,0.22,0.22,0.22,0.22,0,0
Dec-11-2010,0.228,0.228,0.228,0.228,0,0
Dec-10-2010,0.204,0.204,0.204,0.204,0,0
Dec-09-2010,0.2,0.2,0.2,0.2,0,0
Dec-08-2010,0.2388,0.2388,0.2388,0.2388,0,0
Dec-07-2010,0.233,0.233,0.233,0.233,0,0
Dec-06-2010,0.204,0.204,0.204,0.204,0,0
Dec-05-2010,0.19,0.19,0.19,0.19,0,0
Dec-04-2010,0.205,0.205,0.205,0.205,0,0
Dec-03-2010,0.2511,0.2511,0.2511,0.2511,0,0
Dec-02-2010,0.255,0.255,0.255,0.255,0,0
Dec-01-2010,0.2275,0.2275,0.2275,0.2275,0,0
Nov-30-2010,0.2082,0.2082,0.2082,0.2082,0,0
Nov-29-2010,0.2299,0.2299,0.2299,0.2299,0,0
Nov-28-2010,0.27,0.27,0.27,0.27,0,0
Nov-27-2010,0.283,0.283,0.283,0.283,0,0
Nov-26-2010,0.2844,0.2844,0.2844,0.2844,0,0
Nov-25-2010,0.28,0.28,0.28,0.28,0,0
Nov-24-2010,0.283,0.283,0.283,0.283,0,0
Nov-23-2010,0.283,0.283,0.283,0.283,0,0
Nov-22-2010,0.2879,0.2879,0.2879,0.2879,0,0
Nov-21-2010,0.2768,0.2768,0.2768,0.2768,0,0
Nov-20-2010,0.283,0.283,0.283,0.283,0,0
Nov-19-2010,0.28,0.28,0.28,0.28,0,0
Nov-18-2010,0.2678,0.2678,0.2678,0.2678,0,0
Nov-17-2010,0.2299,0.2299,0.2299,0.2299,0,0
Nov-16-2010,0.223,0.223,0.223,0.223,0,0
Nov-15-2010,0.2682,0.2682,0.2682,0.2682,0,0
Nov-14-2010,0.279,0.279,0.279,0.279,0,0
Nov-13-2010,0.276,0.276,0.276,0.276,0,0
Nov-12-2010,0.2682,0.2682,0.2682,0.2682,0,0
Nov-11-2010,0.2231,0.2231,0.2231,0.2231,0,0
Nov-10-2010,0.24,0.24,0.24,0.24,0,0
Nov-09-2010,0.21,0.21,0.21,0.21,0,0
Nov-08-2010,0.243,0.243,0.243,0.243,0,0
Nov-07-2010,0.34,0.34,0.34,0.34,0,0
Nov-06-2010,0.39,0.39,0.39,0.39,0,0
Nov-05-2010,0.26,0.26,0.26,0.26,0,0
Nov-04-2010,0.23,0.23,0.23,0.23,0,0
Nov-03-2010,0.1931,0.1931,0.1931,0.1931,0,0
Nov-02-2010,0.1938,0.1938,0.1938,0.1938,0,0
Nov-01-2010,0.1955,0.1955,0.1955,0.1955,0,0
Oct-31-2010,0.1925,0.1925,0.1925,0.1925,0,0
Oct-30-2010,0.1989,0.1989,0.1989,0.1989,0,0
Oct-29-2010,0.19,0.19,0.19,0.19,0,0
Oct-28-2010,0.1731,0.1731,0.1731,0.1731,0,0
Oct-27-2010,0.1877,0.1877,0.1877,0.1877,0,0
Oct-26-2010,0.1503,0.1503,0.1503,0.1503,0,0
Oct-25-2010,0.132,0.132,0.132,0.132,0,0
Oct-24-2010,0.115,0.115,0.115,0.115,0,0
Oct-23-2010,0.1055,0.1055,0.1055,0.1055,0,0
Oct-22-2010,0.1025,0.1025,0.1025,0.1025,0,0
Oct-21-2010,0.107,0.107,0.107,0.107,0,0
Oct-20-2010,0.099,0.099,0.099,0.099,0,0
Oct-19-2010,0.097,0.097,0.097,0.097,0,0
Oct-18-2010,0.1024,0.1024,0.1024,0.1024,0,0
Oct-17-2010,0.102,0.102,0.102,0.102,0,0
Oct-16-2010,0.101,0.101,0.101,0.101,0,0
Oct-15-2010,0.105,0.105,0.105,0.105,0,0
Oct-14-2010,0.102,0.102,0.102,0.102,0,0
Oct-13-2010,0.105,0.105,0.105,0.105,0,0
Oct-12-2010,0.0949,0.0949,0.0949,0.0949,0,0
Oct-11-2010,0.095,0.095,0.095,0.095,0,0
Oct-10-2010,0.0965,0.0965,0.0965,0.0965,0,0
Oct-09-2010,0.0938,0.0938,0.0938,0.0938,0,0
Oct-08-2010,0.0869,0.0869,0.0869,0.0869,0,0
Oct-07-2010,0.067,0.067,0.067,0.067,0,0
Oct-06-2010,0.0628,0.0628,0.0628,0.0628,0,0
Oct-05-2010,0.0614,0.0614,0.0614,0.0614,0,0
Oct-04-2010,0.0613,0.0613,0.0613,0.0613,0,0
Oct-03-2010,0.0611,0.0611,0.0611,0.0611,0,0
Oct-02-2010,0.0614,0.0614,0.0614,0.0614,0,0
Oct-01-2010,0.062,0.062,0.062,0.062,0,0
Sep-30-2010,0.0619,0.0619,0.0619,0.0619,0,0
Sep-29-2010,0.0619,0.0619,0.0619,0.0619,0,0
Sep-28-2010,0.0619,0.0619,0.0619,0.0619,0,0
Sep-27-2010,0.0622,0.0622,0.0622,0.0622,0,0
Sep-26-2010,0.062,0.062,0.062,0.062,0,0
Sep-25-2010,0.062,0.062,0.062,0.062,0,0
Sep-24-2010,0.0622,0.0622,0.0622,0.0622,0,0
Sep-23-2010,0.0623,0.0623,0.0623,0.0623,0,0
Sep-22-2010,0.0622,0.0622,0.0622,0.0622,0,0
Sep-21-2010,0.0627,0.0627,0.0627,0.0627,0,0
Sep-20-2010,0.0621,0.0621,0.0621,0.0621,0,0
Sep-19-2010,0.0627,0.0627,0.0627,0.0627,0,0
Sep-18-2010,0.061,0.061,0.061,0.061,0,0
Sep-17-2010,0.059,0.059,0.059,0.059,0,0
Sep-16-2010,0.0619,0.0619,0.0619,0.0619,0,0
Sep-15-2010,0.0604,0.0604,0.0604,0.0604,0,0
Sep-14-2010,0.062,0.062,0.062,0.062,0,0
Sep-13-2010,0.0622,0.0622,0.0622,0.0622,0,0
Sep-12-2010,0.0615,0.0615,0.0615,0.0615,0,0
Sep-11-2010,0.0637,0.0637,0.0637,0.0637,0,0
Sep-10-2010,0.0618,0.0618,0.0618,0.0618,0,0
Sep-09-2010,0.0611,0.0611,0.0611,0.0611,0,0
Sep-08-2010,0.062,0.062,0.062,0.062,0,0
Sep-07-2010,0.061,0.061,0.061,0.061,0,0
Sep-06-2010,0.0616,0.0616,0.0616,0.0616,0,0
Sep-05-2010,0.0616,0.0616,0.0616,0.0616,0,0
Sep-04-2010,0.0624,0.0624,0.0624,0.0624,0,0
Sep-03-2010,0.0609,0.0609,0.0609,0.0609,0,0
Sep-02-2010,0.0634,0.0634,0.0634,0.0634,0,0
Sep-01-2010,0.0629,0.0629,0.0629,0.0629,0,0
Aug-31-2010,0.06,0.06,0.06,0.06,0,0
Aug-30-2010,0.065,0.065,0.065,0.065,0,0
Aug-29-2010,0.064,0.064,0.064,0.064,0,0
Aug-28-2010,0.0641,0.0641,0.0641,0.0641,0,0
Aug-27-2010,0.065,0.065,0.065,0.065,0,0
Aug-26-2010,0.064,0.064,0.064,0.064,0,0
Aug-25-2010,0.0648,0.0648,0.0648,0.0648,0,0
Aug-24-2010,0.065,0.065,0.065,0.065,0,0
Aug-23-2010,0.0649,0.0649,0.0649,0.0649,0,0
Aug-22-2010,0.066,0.066,0.066,0.066,0,0
Aug-21-2010,0.0664,0.0664,0.0664,0.0664,0,0
Aug-20-2010,0.0655,0.0655,0.0655,0.0655,0,0
Aug-19-2010,0.0667,0.0667,0.0667,0.0667,0,0
Aug-18-2010,0.068,0.068,0.068,0.068,0,0
Aug-17-2010,0.07,0.07,0.07,0.07,0,0
Aug-16-2010,0.0655,0.0655,0.0655,0.0655,0,0
Aug-15-2010,0.0653,0.0653,0.0653,0.0653,0,0
Aug-14-2010,0.067,0.067,0.067,0.067,0,0
Aug-13-2010,0.0645,0.0645,0.0645,0.0645,0,0
Aug-12-2010,0.07,0.07,0.07,0.07,0,0
Aug-11-2010,0.067,0.067,0.067,0.067,0,0
Aug-10-2010,0.07,0.07,0.07,0.07,0,0
Aug-09-2010,0.071,0.071,0.071,0.071,0,0
Aug-08-2010,0.0609,0.0609,0.0609,0.0609,0,0
Aug-07-2010,0.059,0.059,0.059,0.059,0,0
Aug-06-2010,0.0623,0.0623,0.0623,0.0623,0,0
Aug-05-2010,0.061,0.061,0.061,0.061,0,0
Aug-04-2010,0.057,0.057,0.057,0.057,0,0
Aug-03-2010,0.06,0.06,0.06,0.06,0,0
Aug-02-2010,0.06,0.06,0.06,0.06,0,0
Aug-01-2010,0.0611,0.0611,0.0611,0.0611,0,0
Jul-31-2010,0.0679,0.0679,0.0679,0.0679,0,0
Jul-30-2010,0.0627,0.0627,0.0627,0.0627,0,0
Jul-29-2010,0.0699,0.0699,0.0699,0.0699,0,0
Jul-28-2010,0.0589,0.0589,0.0589,0.0589,0,0
Jul-27-2010,0.06,0.06,0.06,0.06,0,0
Jul-26-2010,0.056,0.056,0.056,0.056,0,0
Jul-25-2010,0.0505,0.0505,0.0505,0.0505,0,0
Jul-24-2010,0.0545,0.0545,0.0545,0.0545,0,0
Jul-23-2010,0.0626,0.0626,0.0626,0.0626,0,0
Jul-22-2010,0.0505,0.0505,0.0505,0.0505,0,0
Jul-21-2010,0.0792,0.0792,0.0792,0.0792,0,0
Jul-20-2010,0.0747,0.0747,0.0747,0.0747,0,0
Jul-19-2010,0.0808,0.0808,0.0808,0.0808,0,0
Jul-18-2010,0.0858,0.0858,0.0858,0.0858,0,0
Jul-17-2010,0.05,0.05,0.05,0.05,0,0